Date,Product,Category,Supplier,Region,Unit Cost,Selling Price,Weekly Demand,Inventory,Lead Time (days),Delay %,Reorder Point,Safety Stock,Shipping Cost,On-time Delivery %,Stockout Flag,
1/7/2024,iPhone 15,Phone,Foxconn,China,720,999,272,820,18,7,1026,326,8,93,YES,
1/7/2024,Samsung Galaxy S24,Phone,Samsung Electronics,South Korea,650,899,252,760,14,9,806,302,6,91,YES,
1/7/2024,MacBook Air,Laptop,Foxconn,China,980,1299,96,420,21,4,403,115,8,96,NO,
1/7/2024,Dell XPS 13,Laptop,Dell Manufacturing,USA,870,1199,74,360,10,7,195,89,5,93,NO,
1/7/2024,HP Pavilion,Laptop,HP Supply Chain,Vietnam,540,799,130,500,16,7,453,156,7,93,NO,
1/7/2024,Gaming Laptop,Laptop,Taiwan Tech Supply,Taiwan,1100,1599,36,310,24,7,167,43,9,93,NO,
1/7/2024,iPad Air,Tablet,Foxconn,China,430,699,166,640,17,7,602,199,8,93,NO,
1/7/2024,AirPods Pro,Accessory,Foxconn,China,120,249,106,900,12,3,309,127,8,97,NO,
1/7/2024,Sony Headphones,Accessory,Sony Electronics,Japan,150,299,226,540,15,11,755,271,6,89,YES,
1/7/2024,Google Pixel 8,Phone,Google Supply,Vietnam,600,849,288,480,19,4,1127,346,7,96,YES,
1/8/2024,AirPods 3,Accessory,Foxconn,China,100,199,115,310,13,11,352,138,8,89,YES,
1/8/2024,Dell XPS 15,Laptop,Dell Manufacturing,USA,600,1399,142,250,12,3,414,170,5,97,YES,
1/8/2024,iPhone 15 Plus,Phone,Foxconn,China,760,1099,149,540,13,8,456,179,8,92,NO,
1/8/2024,MacBook Pro,Laptop,Foxconn,China,1200,1699,138,120,18,6,520,166,8,94,YES,
1/8/2024,Lenovo ThinkPad,Laptop,Lenovo Manufacturing,China,650,999,138,300,16,7,481,166,8,93,YES,
1/8/2024,Lenovo IdeaPad,Laptop,Lenovo Manufacturing,China,550,899,125,230,14,8,400,150,8,92,YES,
1/14/2024,iPhone 15,Phone,Foxconn,China,720,999,108,790,18,7,407,130,8,93,NO,
1/14/2024,Samsung Galaxy S24,Phone,Samsung Electronics,South Korea,650,899,228,720,14,8,730,274,6,92,YES,
1/14/2024,MacBook Air,Laptop,Foxconn,China,980,1299,116,400,21,9,487,139,8,91,YES,
1/14/2024,Dell XPS 13,Laptop,Dell Manufacturing,USA,870,1199,105,330,10,3,276,126,5,97,NO,
1/14/2024,HP Pavilion,Laptop,HP Supply Chain,Vietnam,540,799,62,470,16,3,216,74,7,97,NO,
1/14/2024,Gaming Laptop,Laptop,Taiwan Tech Supply,Taiwan,1100,1599,147,295,24,9,680,176,9,91,YES,
1/14/2024,iPad Air,Tablet,Foxconn,China,430,699,83,610,17,6,301,100,8,94,NO,
1/14/2024,AirPods Pro,Accessory,Foxconn,China,120,249,146,850,12,12,425,175,8,88,NO,
1/14/2024,Sony Headphones,Accessory,Sony Electronics,Japan,150,299,206,520,15,3,689,247,6,97,YES,
1/14/2024,Google Pixel 8,Phone,Google Supply,Vietnam,600,849,120,450,19,2,470,144,7,98,YES,
1/14/2024,AirPods 3,Accessory,Foxconn,China,100,199,121,300,13,7,370,145,8,93,YES,
1/14/2024,Dell XPS 15,Laptop,Dell Manufacturing,USA,600,1399,115,230,12,3,335,138,5,97,YES,
1/14/2024,iPhone 15 Plus,Phone,Foxconn,China,760,1099,242,500,13,5,740,290,8,95,YES,
1/14/2024,MacBook Pro,Laptop,Foxconn,China,1200,1699,45,140,18,6,170,54,8,94,YES,
1/14/2024,Lenovo ThinkPad,Laptop,Lenovo Manufacturing,China,650,999,41,280,16,8,143,49,8,92,NO,
1/21/2024,iPhone 15,Phone,Foxconn,China,720,999,271,760,18,2,1022,325,8,98,YES,
1/21/2024,Samsung Galaxy S24,Phone,Samsung Electronics,South Korea,650,899,51,690,14,8,163,61,6,92,NO,
1/21/2024,MacBook Air,Laptop,Foxconn,China,980,1299,137,380,21,10,575,164,8,90,YES,
1/21/2024,Dell XPS 13,Laptop,Dell Manufacturing,USA,870,1199,59,310,10,8,155,71,5,92,NO,
1/21/2024,HP Pavilion,Laptop,HP Supply Chain,Vietnam,540,799,84,440,16,6,293,101,7,94,NO,
1/21/2024,Gaming Laptop,Laptop,Taiwan Tech Supply,Taiwan,1100,1599,129,270,24,12,597,155,9,88,YES,
1/21/2024,iPad Air,Tablet,Foxconn,China,430,699,52,580,17,3,189,62,8,97,NO,
1/21/2024,AirPods Pro,Accessory,Foxconn,China,120,249,227,820,12,5,662,272,8,95,NO,
1/21/2024,Sony Headphones,Accessory,Sony Electronics,Japan,150,299,54,500,15,11,181,65,6,89,NO,
1/21/2024,Google Pixel 8,Phone,Google Supply,Vietnam,600,849,69,430,19,6,270,83,7,94,NO,
1/21/2024,AirPods 3,Accessory,Foxconn,China,100,199,93,280,18,2,351,112,8,98,YES,
1/21/2024,Dell XPS 15,Laptop,Dell Manufacturing,USA,600,1399,35,210,12,5,102,42,5,95,NO,
1/21/2024,iPhone 15 Plus,Phone,Foxconn,China,760,1099,278,470,10,7,731,334,8,93,YES,
1/21/2024,MacBook Pro,Laptop,Foxconn,China,1200,1699,118,160,19,2,462,142,8,98,YES,
1/21/2024,Lenovo ThinkPad,Laptop,Lenovo Manufacturing,China,650,999,122,260,19,3,478,146,8,97,YES,
1/22/2024,iPad Pro,Tablet,Foxconn,China,550,899,53,50,17,8,192,64,8,92,YES,
1/23/2024,iPhone 15,Phone,Foxconn,China,720,999,108,720,15,7,361,130,8,93,NO,
1/24/2024,iPhone 15 Plus,Phone,Foxconn,China,760,1099,76,330,9,7,189,91,8,93,NO,
1/25/2024,Sony Headphones,Accessory,Sony Electronics,Japan,150,299,177,320,13,7,541,212,6,93,YES,
1/28/2024,Sony Headphones,Accessory,Sony Electronics,Japan,150,299,239,130,19,2,936,287,6,98,YES,
1/29/2024,Asus Zenbook 5,Laptop,ASUS Manufacturing,China,450,799,100,30,19,2,391,120,8,98,YES,
1/30/2024,iPhone 15,Phone,Foxconn,China,720,999,97,540,17,11,352,116,8,89,NO,
1/31/2024,iPhone 15 Plus,Phone,Foxconn,China,760,1099,79,350,13,7,242,95,8,93,NO,
2/1/2024,iPad Air,Tablet,Foxconn,China,430,699,133,470,17,12,483,160,8,88,YES,
2/2/2024,Sony Headphones,Accessory,Sony Electronics,Japan,150,299,295,65,17,6,1070,354,6,94,YES,
2/2/2024,iPhone 15 Pro,Phone,Foxconn,China,840,1199,148,0,13,4,452,178,8,96,YES,
2/2/2024,HP Pavilion,Laptop,HP Supply Chain,Vietnam,540,799,116,180,15,12,388,139,7,88,YES,
2/2/2024,Airpods Pro,Accessory,Foxconn,China,120,249,63,650,13,3,193,76,8,97,NO,
2/2/2024,Bose Soundlink,Speaker,Synnex,Malaysia,140,190,25,20,19,5,98,30,6,95,YES,
2/2/2024,Beats Studio Pro,Headphones,Foxconn,Vietnam,245,469,87,135,6,6,179,104,7,94,YES,
2/2/2024,Logitech MX Master 4,Mouse,Quanta,China,79,159,109,150,21,8,458,131,8,92,YES,
2/2/2024,Beats Fit Pro,Earbuds,Foxconn,Vietnam,140,249,212,140,11,12,588,254,7,88,YES,
2/4/2024,iPhone 15,Phone,Foxconn,China,720,999,284,350,11,6,787,341,8,94,YES,
2/4/2024,Samsung Galaxy S24,Phone,Samsung Electronics,South Korea,650,899,143,510,11,4,396,172,6,96,NO,
2/4/2024,MacBook Air,Laptop,Foxconn,China,980,1299,31,300,12,5,90,37,8,95,NO,
2/4/2024,Dell XPS 13,Laptop,Dell Manufacturing,USA,870,1199,142,230,13,8,434,170,5,92,YES,
2/4/2024,HP Pavilion,Laptop,HP Supply Chain,Vietnam,540,799,26,120,6,7,53,31,7,93,NO,
2/4/2024,Gaming Laptop,Laptop,Taiwan Tech Supply,Taiwan,1100,1599,109,200,19,11,427,131,9,89,YES,
2/4/2024,iPad Air,Tablet,Foxconn,China,430,699,152,310,6,5,313,182,8,95,YES,
2/4/2024,AirPods Pro,Accessory,Foxconn,China,120,249,40,430,17,5,145,48,8,95,NO,
2/4/2024,Sony Headphones,Accessory,Sony Electronics,Japan,150,299,170,40,15,9,568,204,6,91,YES,
2/4/2024,Google Pixel 8,Phone,Google Supply,Vietnam,600,849,103,315,17,7,374,124,7,93,YES,
2/4/2024,AirPods 3,Accessory,Foxconn,China,100,199,72,120,15,6,241,86,8,94,YES,
2/4/2024,Dell XPS 15,Laptop,Dell Manufacturing,USA,600,1399,135,150,6,6,278,162,5,94,YES,
2/4/2024,iPhone 15 Plus,Phone,Foxconn,China,760,1099,141,180,12,4,411,169,8,96,YES,
2/4/2024,MacBook Pro,Laptop,Foxconn,China,1200,1699,88,100,15,12,294,106,8,88,YES,
2/4/2024,Lenovo ThinkPad,Laptop,Lenovo Manufacturing,China,650,999,123,175,9,5,306,148,8,95,YES,
2/4/2024,Lenovo IdeaPad,Laptop,Lenovo Manufacturing,China,550,899,82,160,9,8,204,98,8,92,YES,
2/4/2024,iPad Pro,Tablet,Foxconn,China,550,899,67,100,6,4,138,80,8,96,YES,
2/4/2024,Bose Soundlink,Speaker,Synnex,Malaysia,140,190,10,200,15,10,33,12,6,90,NO,
2/4/2024,Beats Studio Pro,Headphones,Foxconn,Vietnam,245,469,100,60,12,8,291,120,7,92,YES,
2/4/2024,Logitech MX Master 4,Mouse,Quanta,China,79,159,269,90,19,5,1053,323,8,95,YES,
2/11/2024,Samsung Galaxy S24 Ultra,Phone,Samsung Electronics,South Korea,820,1299,180,260,12,3,525,216,6,97,YES,
2/11/2024,Google Pixel 8 Pro,Phone,Google Supply,Vietnam,720,1099,148,380,9,7,368,178,7,93,NO,
2/11/2024,iPhone SE,Phone,Foxconn,India,420,699,168,210,12,3,490,202,6,97,YES,
2/11/2024,OnePlus 12,Phone,BBK Electronics,China,540,799,226,195,9,10,562,271,8,90,YES,
2/11/2024,Nothing Phone 2,Phone,Nothing Tech,China,410,699,125,150,12,3,364,150,8,97,YES,
2/11/2024,Mac Mini,Desktop,Foxconn,China,650,999,31,90,15,10,104,37,8,90,YES,
2/11/2024,"iMac 24""",Desktop,Foxconn,China,1100,1599,35,240,12,11,102,42,8,89,NO,
2/11/2024,HP Envy Laptop,Laptop,HP Supply Chain,Vietnam,620,999,60,175,9,7,149,72,7,93,NO,
2/11/2024,Acer Swift 3,Laptop,Acer Manufacturing,Taiwan,480,799,121,130,12,3,353,145,9,97,YES,
2/11/2024,Asus ROG Zephyrus,Gaming Laptop,ASUS Manufacturing,Taiwan,1300,1899,44,200,9,12,109,53,9,88,NO,
2/12/2024,Logitech Brio Webcam,Accessory,Quanta,China,90,199,88,25,12,8,256,106,8,92,YES,
2/18/2024,iPad Air,Tablet,Foxconn,China,430,699,64,250,15,10,214,77,8,90,NO,
2/18/2024,AirPods Pro,Accessory,Foxconn,China,120,249,225,350,10,4,591,270,8,96,YES,
2/18/2024,Sony Headphones,Accessory,Sony Electronics,Japan,150,299,138,35,9,4,343,166,6,96,YES,
2/18/2024,Google Pixel 8,Phone,Google Supply,Vietnam,600,849,209,290,15,9,699,251,7,91,YES,
2/18/2024,AirPods 3,Accessory,Foxconn,China,100,199,298,110,10,9,783,358,8,91,YES,
2/18/2024,Dell XPS 15,Laptop,Dell Manufacturing,USA,600,1399,39,140,15,9,130,47,5,91,NO,
2/18/2024,iPhone 15 Plus,Phone,Foxconn,China,760,1099,81,150,9,12,201,97,8,88,YES,
2/18/2024,MacBook Pro,Laptop,Foxconn,China,1200,1699,34,80,13,10,104,41,8,90,YES,
2/18/2024,Lenovo ThinkPad,Laptop,Lenovo Manufacturing,China,650,999,128,160,15,7,428,154,8,93,YES,
2/18/2024,Lenovo IdeaPad,Laptop,Lenovo Manufacturing,China,550,899,108,140,9,7,268,130,8,93,YES,
2/18/2024,iPad Pro,Tablet,Foxconn,China,550,899,34,90,13,5,104,41,8,95,YES,
2/18/2024,Bose Soundlink,Speaker,Synnex,Malaysia,140,190,66,180,13,6,202,79,6,94,YES,
2/18/2024,Beats Studio Pro,Headphones,Foxconn,Vietnam,245,469,32,50,15,9,107,38,7,91,YES,
2/18/2024,Logitech MX Master 4,Mouse,Quanta,China,79,159,267,70,13,2,816,320,8,98,YES,
2/18/2024,Samsung Galaxy S24 Ultra,Phone,Samsung Electronics,South Korea,820,1299,176,240,9,8,437,211,6,92,YES,
2/18/2024,Google Pixel 8 Pro,Phone,Google Supply,Vietnam,720,1099,110,360,6,7,226,132,7,93,NO,
2/18/2024,iPhone SE,Phone,Foxconn,India,420,699,240,200,9,10,597,288,6,90,YES,
2/18/2024,Logitech Brio Webcam,Accessory,Quanta,China,90,199,93,20,6,2,191,112,8,98,YES,
2/25/2024,iPad Air,Tablet,Foxconn,China,430,699,141,180,15,7,471,169,8,93,YES,
2/25/2024,AirPods Pro,Accessory,Foxconn,China,120,249,100,280,9,4,249,120,8,96,NO,
2/25/2024,Sony Headphones,Accessory,Sony Electronics,Japan,150,299,183,10,6,9,376,220,6,91,YES,
2/25/2024,Google Pixel 8,Phone,Google Supply,Vietnam,600,849,263,220,17,5,954,316,7,95,YES,
2/25/2024,AirPods 3,Accessory,Foxconn,China,100,199,275,70,14,12,880,330,8,88,YES,
2/25/2024,Dell XPS 15,Laptop,Dell Manufacturing,USA,600,1399,115,90,15,9,384,138,5,91,YES,
2/25/2024,iPhone 15 Plus,Phone,Foxconn,China,760,1099,233,80,12,2,679,280,8,98,YES,
2/25/2024,MacBook Pro,Laptop,Foxconn,China,1200,1699,101,30,9,8,251,121,8,92,YES,
2/25/2024,Lenovo ThinkPad,Laptop,Lenovo Manufacturing,China,650,999,114,120,6,3,235,137,8,97,YES,
2/25/2024,Lenovo IdeaPad,Laptop,Lenovo Manufacturing,China,550,899,58,90,15,2,194,70,8,98,YES,
2/25/2024,iPad Pro,Tablet,Foxconn,China,550,899,116,60,8,12,272,139,8,88,YES,
2/25/2024,Bose Soundlink,Speaker,Synnex,Malaysia,140,190,65,150,12,11,189,78,6,89,YES,
2/25/2024,Beats Studio Pro,Headphones,Foxconn,Vietnam,245,469,141,20,9,4,350,169,7,96,YES,
2/25/2024,Logitech MX Master 4,Mouse,Quanta,China,79,159,86,40,6,6,177,103,8,94,YES,
2/25/2024,Samsung Galaxy S24 Ultra,Phone,Samsung Electronics,South Korea,820,1299,187,200,13,8,572,224,6,92,YES,
2/25/2024,Google Pixel 8 Pro,Phone,Google Supply,Vietnam,720,1099,167,300,15,9,558,200,7,91,YES,
2/25/2024,iPhone SE,Phone,Foxconn,India,420,699,172,140,19,6,673,206,6,94,YES,
2/25/2024,Logitech Brio Webcam,Accessory,Quanta,China,90,199,83,10,9,2,206,100,8,98,YES,
2/25/2024,iPhone 15,Phone,Foxconn,China,720,999,285,150,6,6,586,342,8,94,YES,
2/25/2024,Samsung Galaxy S24,Phone,Samsung Electronics,South Korea,650,899,275,180,15,8,919,330,6,92,YES,
2/25/2024,Nintendo Switch OLED,Gaming Console,Nintendo Supply,Japan,280,399,98,20,30,5,538,118,6,95,YES,
2/29/2024,Logitech Brio Webcam,Accessory,Quanta,China,90,199,158,125,9,8,393,190,8,92,YES,
2/29/2024,OnePlus 12,Phone,BBK Electronics,China,540,799,91,130,7,6,200,109,8,94,YES,
2/29/2024,AirPods 3,Accessory,Foxconn,China,100,199,117,45,13,6,358,140,8,94,YES,
3/3/2024,iPhone 15 Pro,Phone,Foxconn,China,840,1199,75,120,6,3,154,90,8,97,YES,
3/3/2024,iPad Mini,Tablet,Foxconn,China,350,649,191,200,9,11,475,229,8,89,YES,
3/3/2024,Bose QuietComfort Ultra,Headphones,Synnex,Malaysia,260,429,144,100,12,8,420,173,6,92,YES,
3/3/2024,Beats Fit Pro,Earbuds,Foxconn,Vietnam,140,249,182,80,8,3,426,218,7,97,YES,
3/3/2024,Logitech G Pro X,Gaming Mouse,Quanta,Vietnam,65,149,34,60,15,7,114,41,7,93,YES,
3/3/2024,Samsung Galaxy S24 Ultra,Phone,Samsung Electronics,South Korea,820,1299,282,180,6,8,580,338,6,92,YES,
3/3/2024,Samsung Galaxy A54,Phone,Samsung Electronics,Vietnam,300,499,221,150,15,4,739,265,7,96,YES,
3/3/2024,Google Pixel 8 Pro,Phone,Google Supply,Vietnam,720,1099,79,280,8,9,185,95,7,91,NO,
3/3/2024,iPhone SE,Phone,Foxconn,India,420,699,289,130,15,5,966,347,6,95,YES,
3/3/2024,OnePlus 12,Phone,BBK Electronics,China,540,799,173,150,17,2,628,208,8,98,YES,
3/3/2024,Nothing Phone 2,Phone,Nothing Tech,China,410,699,198,120,12,11,577,238,8,89,YES,
3/3/2024,Mac Mini,Desktop,Foxconn,China,650,999,46,70,8,5,108,55,8,95,YES,
3/3/2024,"iMac 24""",Desktop,Foxconn,China,1100,1599,48,220,12,2,140,58,8,98,NO,
3/3/2024,HP Envy Laptop,Laptop,HP Supply Chain,Vietnam,620,999,115,140,15,4,384,138,7,96,YES,
3/3/2024,Acer Swift 3,Laptop,Acer Manufacturing,Taiwan,480,799,127,100,17,8,461,152,9,92,YES,
3/3/2024,Asus ROG Zephyrus,Gaming Laptop,ASUS Manufacturing,Taiwan,1300,1899,63,160,12,7,184,76,9,93,YES,
3/3/2024,Microsoft Surface Laptop,Laptop,Pegatron,China,900,1399,40,110,6,9,82,48,8,91,NO,
3/3/2024,Microsoft Surface Pro,Tablet,Pegatron,China,700,1099,42,90,12,7,122,50,8,93,YES,
3/3/2024,Samsung Galaxy Tab S9,Tablet,Samsung Electronics,Vietnam,500,899,153,200,15,3,511,184,7,97,YES,
3/3/2024,Amazon Fire Tablet,Tablet,Foxconn,China,120,199,92,250,8,7,216,110,8,93,NO,
3/3/2024,Sony WH-1000XM5,Headphones,Sony Electronics,Malaysia,210,399,47,90,12,10,137,56,6,90,YES,
3/3/2024,Bose 700 Headphones,Headphones,Synnex,Malaysia,300,499,33,80,17,11,120,40,6,89,YES,
3/3/2024,Beats Solo Pro,Headphones,Foxconn,Vietnam,200,349,150,70,8,5,351,180,7,95,YES,
3/3/2024,Logitech G915 Keyboard,Accessory,Quanta,China,200,349,145,60,6,10,298,174,8,90,YES,
3/3/2024,Logitech StreamCam,Accessory,Quanta,China,150,249,37,50,12,11,108,44,8,89,YES,
3/10/2024,iPhone 15 Pro,Phone,Foxconn,China,840,1199,221,90,17,3,802,265,8,97,YES,
3/10/2024,iPad Mini,Tablet,Foxconn,China,350,649,128,150,15,7,428,154,8,93,YES,
3/10/2024,Bose QuietComfort Ultra,Headphones,Synnex,Malaysia,260,429,87,70,12,11,254,104,6,89,YES,
3/10/2024,Beats Fit Pro,Earbuds,Foxconn,Vietnam,140,249,257,50,17,4,933,308,7,96,YES,
3/10/2024,Logitech G Pro X,Gaming Mouse,Quanta,Vietnam,65,149,121,40,12,4,353,145,7,96,YES,
3/10/2024,Samsung Galaxy S24 Ultra,Phone,Samsung Electronics,South Korea,820,1299,238,150,15,4,796,286,6,96,YES,
3/10/2024,Samsung Galaxy A54,Phone,Samsung Electronics,Vietnam,300,499,199,120,12,12,580,239,7,88,YES,
3/10/2024,Google Pixel 8 Pro,Phone,Google Supply,Vietnam,720,1099,59,260,8,4,138,71,7,96,NO,
3/10/2024,iPhone SE,Phone,Foxconn,India,420,699,273,120,6,12,562,328,6,88,YES,
3/10/2024,OnePlus 12,Phone,BBK Electronics,China,540,799,174,110,12,2,507,209,8,98,YES,
3/10/2024,Nothing Phone 2,Phone,Nothing Tech,China,410,699,289,90,17,11,1049,347,8,89,YES,
3/10/2024,Mac Mini,Desktop,Foxconn,China,650,999,46,50,8,11,108,55,8,89,YES,
3/10/2024,"iMac 24""",Desktop,Foxconn,China,1100,1599,36,180,15,3,120,43,8,97,NO,
3/10/2024,HP Envy Laptop,Laptop,HP Supply Chain,Vietnam,620,999,131,110,12,5,382,157,7,95,YES,
3/10/2024,Acer Swift 3,Laptop,Acer Manufacturing,Taiwan,480,799,100,80,11,7,277,120,9,93,YES,
3/10/2024,Asus ROG Zephyrus,Gaming Laptop,ASUS Manufacturing,Taiwan,1300,1899,85,140,12,10,248,102,9,90,YES,
3/10/2024,Microsoft Surface Laptop,Laptop,Pegatron,China,900,1399,48,70,17,3,174,58,8,97,YES,
3/10/2024,Microsoft Surface Pro,Tablet,Pegatron,China,700,1099,196,60,8,11,459,235,8,89,YES,
3/10/2024,Samsung Galaxy Tab S9,Tablet,Samsung Electronics,Vietnam,500,899,172,150,6,11,354,206,7,89,YES,
3/10/2024,Amazon Fire Tablet,Tablet,Foxconn,China,120,199,88,200,12,9,256,106,8,91,YES,
3/12/2024,Bose 700 Headphones,Headphones,Synnex,Malaysia,300,499,94,25,13,3,287,113,6,97,YES,
3/12/2024,HP Envy Laptop,Laptop,HP Supply Chain,Vietnam,620,999,91,85,8,9,213,109,7,91,YES,
3/17/2024,iPhone 15 Pro,Phone,Foxconn,China,840,1199,107,50,17,11,388,128,8,89,YES,
3/17/2024,iPad Mini,Tablet,Foxconn,China,350,649,61,110,8,7,143,73,8,93,YES,
3/17/2024,Bose QuietComfort Ultra,Headphones,Synnex,Malaysia,260,429,104,50,13,9,318,125,6,91,YES,
3/17/2024,Beats Fit Pro,Earbuds,Foxconn,Vietnam,140,249,228,30,17,7,827,274,7,93,YES,
3/17/2024,Logitech G Pro X,Gaming Mouse,Quanta,Vietnam,65,149,188,25,13,7,575,226,7,93,YES,
3/17/2024,Samsung Galaxy S24 Ultra,Phone,Samsung Electronics,South Korea,820,1299,236,120,8,8,553,283,6,92,YES,
3/17/2024,Samsung Galaxy A54,Phone,Samsung Electronics,Vietnam,300,499,158,90,8,2,370,190,7,98,YES,
3/17/2024,Google Pixel 8 Pro,Phone,Google Supply,Vietnam,720,1099,131,220,13,2,400,157,7,98,YES,
3/17/2024,iPhone SE,Phone,Foxconn,India,420,699,223,90,17,4,809,268,6,96,YES,
3/17/2024,OnePlus 12,Phone,BBK Electronics,China,540,799,111,80,12,4,323,133,8,96,YES,
3/17/2024,Nothing Phone 2,Phone,Nothing Tech,China,410,699,111,70,8,12,260,133,8,88,YES,
3/17/2024,Mac Mini,Desktop,Foxconn,China,650,999,45,30,13,9,138,54,8,91,YES,
3/17/2024,"iMac 24""",Desktop,Foxconn,China,1100,1599,32,150,17,7,116,38,8,93,NO,
3/17/2024,HP Envy Laptop,Laptop,HP Supply Chain,Vietnam,620,999,125,80,15,2,418,150,7,98,YES,
3/17/2024,Acer Swift 3,Laptop,Acer Manufacturing,Taiwan,480,799,87,60,12,2,254,104,9,98,YES,
3/17/2024,Asus ROG Zephyrus,Gaming Laptop,ASUS Manufacturing,Taiwan,1300,1899,84,110,15,8,281,101,9,92,YES,
3/17/2024,Microsoft Surface Laptop,Laptop,Pegatron,China,900,1399,108,50,13,6,330,130,8,94,YES,
3/17/2024,Microsoft Surface Pro,Tablet,Pegatron,China,700,1099,37,40,17,11,134,44,8,89,YES,
3/17/2024,Samsung Galaxy Tab S9,Tablet,Samsung Electronics,Vietnam,500,899,105,120,8,8,246,126,7,92,YES,
3/17/2024,Amazon Fire Tablet,Tablet,Foxconn,China,120,199,176,170,13,8,538,211,8,92,YES,
3/24/2024,iPhone 15,Phone,Foxconn,China,720,999,264,120,12,9,769,317,8,91,YES,
3/24/2024,iPhone 15 Plus,Phone,Foxconn,China,760,1099,268,80,8,8,628,322,8,92,YES,
3/24/2024,iPhone 15 Pro,Phone,Foxconn,China,840,1199,199,50,12,11,580,239,8,89,YES,
3/24/2024,iPhone SE,Phone,Foxconn,India,420,699,215,90,8,12,504,258,6,88,YES,
3/24/2024,iPad Air,Tablet,Foxconn,China,430,699,150,150,12,12,437,180,8,88,YES,
3/24/2024,iPad Mini,Tablet,Foxconn,China,350,649,132,110,13,12,404,158,8,88,YES,
3/24/2024,iPad Pro,Tablet,Foxconn,China,550,899,160,60,8,6,375,192,8,94,YES,
3/24/2024,"iPad Pro 11""",Tablet,Foxconn,China,700,999,171,100,15,9,572,205,8,91,YES,
3/24/2024,"iPad Pro 12.9""",Tablet,Foxconn,China,800,1199,44,130,13,2,135,53,8,98,YES,
3/24/2024,MacBook Air,Laptop,Foxconn,China,980,1299,90,80,13,2,275,108,8,98,YES,
3/24/2024,MacBook Pro,Laptop,Foxconn,China,1200,1699,100,70,13,4,306,120,8,96,YES,
3/24/2024,Dell XPS 13,Laptop,Dell Manufacturing,USA,870,1199,51,90,13,2,156,61,5,98,YES,
3/24/2024,Dell XPS 15,Laptop,Dell Manufacturing,USA,600,1399,56,60,8,3,131,67,5,97,YES,
3/24/2024,HP Pavilion,Laptop,HP Supply Chain,Vietnam,540,799,91,85,12,10,265,109,7,90,YES,
3/24/2024,HP Envy Laptop,Laptop,HP Supply Chain,Vietnam,620,999,136,70,20,10,552,163,7,90,YES,
3/24/2024,Lenovo ThinkPad,Laptop,Lenovo Manufacturing,China,650,999,148,100,17,5,537,178,8,95,YES,
3/24/2024,Lenovo IdeaPad,Laptop,Lenovo Manufacturing,China,550,899,148,90,30,8,812,178,8,92,YES,
3/24/2024,Asus Zenbook 5,Laptop,ASUS Manufacturing,China,450,799,64,65,8,4,150,77,8,96,YES,
3/24/2024,Asus ROG Zephyrus,Gaming Laptop,ASUS Manufacturing,Taiwan,1300,1899,76,110,20,10,308,91,9,90,YES,
3/24/2024,Acer Swift 3,Laptop,Acer Manufacturing,Taiwan,480,799,130,60,14,10,416,156,9,90,YES,
3/24/2024,Mac Mini,Desktop,Foxconn,China,650,999,44,50,20,7,179,53,8,93,YES,
3/24/2024,"iMac 24""",Desktop,Foxconn,China,1100,1599,16,80,17,10,58,19,8,90,NO,
3/24/2024,Bose Soundlink,Speaker,Synnex,Malaysia,140,190,67,90,15,12,224,80,6,88,YES,
3/24/2024,Bose QuietComfort Ultra,Headphones,Synnex,Malaysia,260,429,138,40,8,6,323,166,6,94,YES,
3/24/2024,Beats Studio Pro,Headphones,Foxconn,Vietnam,245,469,130,50,30,8,713,156,7,92,YES,
3/24/2024,Beats Fit Pro,Earbuds,Foxconn,Vietnam,140,249,271,30,12,5,790,325,7,95,YES,
3/25/2024,Logitech MX Master 4,Mouse,Quanta,China,79,159,125,70,17,9,454,150,8,91,YES,
3/25/2024,Logitech G Pro X,Gaming Mouse,Quanta,Vietnam,65,149,250,40,15,2,836,300,7,98,YES,
3/25/2024,Logitech Brio Webcam,Accessory,Quanta,China,90,199,127,25,8,6,298,152,8,94,YES,
3/25/2024,Logitech G915 Keyboard,Accessory,Quanta,China,200,349,115,35,17,12,417,138,8,88,YES,
3/31/2024,iPad Mini,Tablet,Foxconn,China,350,649,198,110,12,12,577,238,8,88,YES,
3/31/2024,AirPods Pro,Accessory,Foxconn,China,120,249,40,310,17,9,145,48,8,91,NO,
3/31/2024,MacBook Air,Laptop,Foxconn,China,980,1299,47,85,17,10,171,56,8,90,YES,
3/31/2024,Google Pixel 8 Pro,Phone,Google Supply,Vietnam,720,1099,58,240,8,10,136,70,7,90,NO,
3/31/2024,Beats Fit Pro,Earbuds,Foxconn,Vietnam,140,249,275,60,17,9,998,330,7,91,YES,
3/31/2024,iPhone SE,Phone,Foxconn,India,420,699,232,130,8,9,544,278,6,91,YES,
3/31/2024,Samsung Galaxy S24,Phone,Samsung Electronics,South Korea,650,899,255,160,12,4,743,306,6,96,YES,
3/31/2024,iPhone 15 Plus,Phone,Foxconn,China,760,1099,168,75,17,10,610,202,8,90,YES,
3/31/2024,Dell XPS 15,Laptop,Dell Manufacturing,USA,600,1399,50,50,8,6,117,60,5,94,YES,
3/31/2024,iPhone 15 Pro,Phone,Foxconn,China,840,1199,254,40,12,5,740,305,8,95,YES,
3/31/2024,Asus ROG Zephyrus,Gaming Laptop,ASUS Manufacturing,Taiwan,1300,1899,48,140,12,2,140,58,9,98,NO,
3/31/2024,Lenovo ThinkPad,Laptop,Lenovo Manufacturing,China,650,999,21,120,12,2,61,25,8,98,NO,
3/31/2024,Bose Soundlink,Speaker,Synnex,Malaysia,140,190,47,180,17,8,171,56,6,92,NO,
3/31/2024,Mac Mini,Desktop,Foxconn,China,650,999,25,45,8,3,59,30,8,97,YES,
3/31/2024,Logitech MX Master 4,Mouse,Quanta,China,79,159,29,70,17,8,105,35,8,92,YES,
3/31/2024,iPad Pro,Tablet,Foxconn,China,550,899,198,80,12,8,577,238,8,92,YES,
3/31/2024,HP Pavilion,Laptop,HP Supply Chain,Vietnam,540,799,144,90,12,2,420,173,7,98,YES,
3/31/2024,MacBook Pro,Laptop,Foxconn,China,1200,1699,30,55,17,8,109,36,8,92,YES,
3/31/2024,Sony WH-1000XM5,Headphones,Sony Electronics,Malaysia,210,399,81,100,8,12,190,97,6,88,YES,
3/31/2024,OnePlus 12,Phone,BBK Electronics,China,540,799,163,150,17,7,591,196,8,93,YES,
3/31/2024,Dell XPS 13,Laptop,Dell Manufacturing,USA,870,1199,48,65,8,3,112,58,5,97,YES,
3/31/2024,AirPods 3,Accessory,Foxconn,China,100,199,70,100,8,8,164,84,8,92,YES,
3/31/2024,iPad Air,Tablet,Foxconn,China,430,699,149,120,8,2,349,179,8,98,YES,
3/31/2024,Logitech Brio Webcam,Accessory,Quanta,China,90,199,35,20,8,12,82,42,8,88,YES,
3/31/2024,Samsung Galaxy S24 Ultra,Phone,Samsung Electronics,South Korea,820,1299,205,90,8,8,480,246,6,92,YES,
3/31/2024,iPhone 15,Phone,Foxconn,China,720,999,215,150,12,3,627,258,8,97,YES,
3/31/2024,HP Envy Laptop,Laptop,HP Supply Chain,Vietnam,620,999,121,110,12,5,353,145,7,95,YES,
3/31/2024,Microsoft Surface Laptop,Laptop,Pegatron,China,900,1399,34,70,12,2,99,41,8,98,YES,
3/31/2024,Bose QuietComfort Ultra,Headphones,Synnex,Malaysia,260,429,91,50,12,9,265,109,6,91,YES,
3/31/2024,Logitech G Pro X,Gaming Mouse,Quanta,Vietnam,65,149,66,60,17,12,239,79,7,88,YES,
3/31/2024,"iMac 24""",Desktop,Foxconn,China,1100,1599,29,150,8,6,68,35,8,94,NO,
3/31/2024,Asus Zenbook 5,Laptop,ASUS Manufacturing,China,450,799,66,65,17,3,239,79,8,97,YES,
3/31/2024,Samsung Galaxy A54,Phone,Samsung Electronics,Vietnam,300,499,83,120,17,10,301,100,7,90,YES,
3/31/2024,Microsoft Surface Pro,Tablet,Pegatron,China,700,1099,44,40,12,12,128,53,8,88,YES,
3/31/2024,Beats Studio Pro,Headphones,Foxconn,Vietnam,245,469,115,180,12,5,335,138,7,95,YES,
3/31/2024,Amazon Fire Tablet,Tablet,Foxconn,China,120,199,166,100,12,8,484,199,8,92,YES,
3/31/2024,Logitech G915 Keyboard,Accessory,Quanta,China,200,349,87,30,12,6,254,104,8,94,YES,
3/31/2024,Beats Solo Pro,Headphones,Foxconn,Vietnam,200,349,142,50,17,3,515,170,7,97,YES,
3/31/2024,"iPad Pro 12.9""",Tablet,Foxconn,China,800,1199,115,90,8,4,269,138,8,96,YES,
3/31/2024,Sony Headphones,Accessory,Sony Electronics,Japan,150,299,242,35,17,5,878,290,6,95,YES,
4/7/2024,iPhone 15,Phone,Foxconn,China,720,999,250,100,12,8,729,300,8,92,YES,
4/7/2024,Beats Studio Pro,Headphones,Foxconn,Vietnam,245,469,112,45,17,6,406,134,7,94,YES,
4/7/2024,iPad Air,Tablet,Foxconn,China,430,699,169,100,8,9,396,203,8,91,YES,
4/7/2024,Mac Mini,Desktop,Foxconn,China,650,999,42,40,12,7,122,50,8,93,YES,
4/7/2024,Sony Headphones,Accessory,Sony Electronics,Japan,150,299,173,30,17,4,628,208,6,96,YES,
4/7/2024,AirPods 3,Accessory,Foxconn,China,100,199,100,90,17,10,363,120,8,90,YES,
4/7/2024,Dell XPS 13,Laptop,Dell Manufacturing,USA,870,1199,45,60,12,8,131,54,5,92,YES,
4/7/2024,Logitech MX Master 4,Mouse,Quanta,China,79,159,73,60,13,9,223,88,8,91,YES,
4/7/2024,iPad Pro,Tablet,Foxconn,China,550,899,59,70,13,5,180,71,8,95,YES,
4/7/2024,Samsung Galaxy S24 Ultra,Phone,Samsung Electronics,South Korea,820,1299,68,80,8,3,159,82,6,97,YES,
4/7/2024,iPhone 15 Pro,Phone,Foxconn,China,840,1199,144,30,17,12,523,173,8,88,YES,
4/7/2024,MacBook Air,Laptop,Foxconn,China,980,1299,106,70,12,5,309,127,8,95,YES,
4/7/2024,Google Pixel 8 Pro,Phone,Google Supply,Vietnam,720,1099,120,200,17,8,435,144,7,92,YES,
4/7/2024,HP Envy Laptop,Laptop,HP Supply Chain,Vietnam,620,999,149,90,12,4,434,179,7,96,YES,
4/7/2024,Bose Soundlink,Speaker,Synnex,Malaysia,140,190,30,160,17,6,109,36,6,94,NO,
4/7/2024,iPhone SE,Phone,Foxconn,India,420,699,216,110,8,7,506,259,6,93,YES,
4/7/2024,iPad Mini,Tablet,Foxconn,China,350,649,177,80,17,4,642,212,8,96,YES,
4/7/2024,Dell XPS 15,Laptop,Dell Manufacturing,USA,600,1399,69,40,8,9,162,83,5,91,YES,
4/7/2024,Beats Fit Pro,Earbuds,Foxconn,Vietnam,140,249,180,50,12,12,525,216,7,88,YES,
4/7/2024,"iMac 24""",Desktop,Foxconn,China,1100,1599,38,150,17,7,138,46,8,93,NO,
4/7/2024,MacBook Pro,Laptop,Foxconn,China,1200,1699,117,50,12,2,341,140,8,98,YES,
4/7/2024,Logitech G Pro X,Gaming Mouse,Quanta,Vietnam,65,149,107,50,17,11,388,128,7,89,YES,
4/7/2024,Amazon Fire Tablet,Tablet,Foxconn,China,120,199,156,200,17,3,566,187,8,97,YES,
4/7/2024,Samsung Galaxy S24,Phone,Samsung Electronics,South Korea,650,899,151,130,17,9,548,181,6,91,YES,
4/7/2024,Logitech Brio Webcam,Accessory,Quanta,China,90,199,87,20,8,7,204,104,8,93,YES,
4/7/2024,Asus ROG Zephyrus,Gaming Laptop,ASUS Manufacturing,Taiwan,1300,1899,94,120,17,7,341,113,9,93,YES,
4/7/2024,Bose QuietComfort Ultra,Headphones,Synnex,Malaysia,260,429,27,150,17,10,98,32,6,90,NO,
4/7/2024,iPhone 15 Plus,Phone,Foxconn,China,760,1099,213,60,17,11,773,256,8,89,YES,
4/7/2024,HP Pavilion,Laptop,HP Supply Chain,Vietnam,540,799,62,85,17,6,225,74,7,94,YES,
4/7/2024,Microsoft Surface Laptop,Laptop,Pegatron,China,900,1399,115,60,8,9,269,138,8,91,YES,
4/7/2024,OnePlus 12,Phone,BBK Electronics,China,540,799,256,100,12,3,746,307,8,97,YES,
4/7/2024,Samsung Galaxy A54,Phone,Samsung Electronics,Vietnam,300,499,74,90,17,10,269,89,7,90,YES,
4/7/2024,Microsoft Surface Pro,Tablet,Pegatron,China,700,1099,81,50,8,5,190,97,8,95,YES,
4/7/2024,Asus Zenbook 5,Laptop,ASUS Manufacturing,China,450,799,66,55,12,4,192,79,8,96,YES,
4/7/2024,Sony WH-1000XM5,Headphones,Sony Electronics,Malaysia,210,399,146,100,17,11,530,175,6,89,YES,
4/7/2024,Beats Solo Pro,Headphones,Foxconn,Vietnam,200,349,102,40,17,6,370,122,7,94,YES,
4/7/2024,"iPad Pro 12.9""",Tablet,Foxconn,China,800,1199,44,30,17,11,160,53,8,89,YES,
4/7/2024,Logitech G915 Keyboard,Accessory,Quanta,China,200,349,236,45,17,7,856,283,8,93,YES,
4/7/2024,AirPods Pro,Accessory,Foxconn,China,120,249,48,150,8,12,112,58,8,88,NO,
4/7/2024,Sony Headphones,Accessory,Sony Electronics,Japan,150,299,32,35,17,7,116,38,6,93,YES,
4/14/2024,Mac Mini,Desktop,Foxconn,China,650,999,28,40,12,4,82,34,8,96,YES,
4/14/2024,iPad Air,Tablet,Foxconn,China,430,699,53,35,12,12,154,64,8,88,YES,
4/14/2024,Beats Fit Pro,Earbuds,Foxconn,Vietnam,140,249,200,90,13,4,611,240,7,96,YES,
4/14/2024,MacBook Pro,Laptop,Foxconn,China,1200,1699,71,50,8,8,166,85,8,92,YES,
4/14/2024,iPad Pro,Tablet,Foxconn,China,550,899,117,45,17,5,425,140,8,95,YES,
4/14/2024,Logitech MX Master 4,Mouse,Quanta,China,79,159,275,60,13,5,841,330,8,95,YES,
4/14/2024,iPhone SE,Phone,Foxconn,India,420,699,137,55,13,4,419,164,6,96,YES,
4/14/2024,Samsung Galaxy S24,Phone,Samsung Electronics,South Korea,650,899,239,80,20,6,970,287,6,94,YES,
4/14/2024,AirPods Pro,Accessory,Foxconn,China,120,249,120,110,20,4,487,144,8,96,YES,
4/14/2024,Bose Soundlink,Speaker,Synnex,Malaysia,140,190,74,250,8,5,173,89,6,95,NO,
4/14/2024,Dell XPS 13,Laptop,Dell Manufacturing,USA,870,1199,136,140,17,8,493,163,5,92,YES,
4/14/2024,iPad Mini,Tablet,Foxconn,China,350,649,60,55,13,7,183,72,8,93,YES,
4/14/2024,iPhone 15,Phone,Foxconn,China,720,999,230,70,8,7,539,276,8,93,YES,
4/14/2024,HP Pavilion,Laptop,HP Supply Chain,Vietnam,540,799,75,90,8,5,176,90,7,95,YES,
4/14/2024,AirPods 3,Accessory,Foxconn,China,100,199,40,75,8,2,94,48,8,98,YES,
4/14/2024,Google Pixel 8 Pro,Phone,Google Supply,Vietnam,720,1099,154,85,17,7,559,185,7,93,YES,
4/14/2024,Logitech Brio Webcam,Accessory,Quanta,China,90,199,184,180,17,11,668,221,8,89,YES,
4/14/2024,Dell XPS 15,Laptop,Dell Manufacturing,USA,600,1399,140,15,17,2,508,168,5,98,YES,
4/14/2024,Samsung Galaxy S24 Ultra,Phone,Samsung Electronics,South Korea,820,1299,209,30,12,9,609,251,6,91,YES,
4/14/2024,OnePlus 12,Phone,BBK Electronics,China,540,799,73,90,12,6,213,88,8,94,YES,
4/14/2024,Asus Zenbook 5,Laptop,ASUS Manufacturing,China,450,799,116,70,12,8,338,139,8,92,YES,
4/14/2024,HP Envy Laptop,Laptop,HP Supply Chain,Vietnam,620,999,130,60,13,10,397,156,7,90,YES,
4/14/2024,Sony WH-1000XM5,Headphones,Sony Electronics,Malaysia,210,399,79,40,13,10,242,95,6,90,YES,
4/14/2024,Asus ROG Zephyrus,Gaming Laptop,ASUS Manufacturing,Taiwan,1300,1899,97,100,13,8,297,116,9,92,YES,
4/14/2024,Microsoft Surface Laptop,Laptop,Pegatron,China,900,1399,138,65,17,10,501,166,8,90,YES,
4/14/2024,"iMac 24""",Desktop,Foxconn,China,1100,1599,42,50,12,2,122,50,8,98,YES,
4/14/2024,Beats Studio Pro,Headphones,Foxconn,Vietnam,245,469,58,120,8,11,136,70,7,89,YES,
4/14/2024,Bose QuietComfort Ultra,Headphones,Synnex,Malaysia,260,429,104,25,8,8,244,125,6,92,YES,
4/14/2024,Logitech G Pro X,Gaming Mouse,Quanta,Vietnam,65,149,205,60,8,3,480,246,7,97,YES,
4/14/2024,Samsung Galaxy A54,Phone,Samsung Electronics,Vietnam,300,499,75,35,17,12,272,90,7,88,YES,
4/14/2024,Microsoft Surface Pro,Tablet,Pegatron,China,700,1099,62,100,17,8,225,74,8,92,YES,
4/14/2024,iPhone 15 Plus,Phone,Foxconn,China,760,1099,101,45,12,8,294,121,8,92,YES,
4/14/2024,Amazon Fire Tablet,Tablet,Foxconn,China,120,199,126,65,13,7,385,151,8,93,YES,
4/14/2024,Beats Solo Pro,Headphones,Foxconn,Vietnam,200,349,149,180,17,10,541,179,7,90,YES,
4/14/2024,Logitech G915 Keyboard,Accessory,Quanta,China,200,349,286,40,8,11,670,343,8,89,YES,
4/14/2024,Sony Headphones,Accessory,Sony Electronics,Japan,150,299,279,30,8,3,654,335,6,97,YES,
4/14/2024,"iPad Pro 12.9""",Tablet,Foxconn,China,800,1199,183,50,12,12,533,220,8,88,YES,
4/14/2024,Logitech StreamCam,Accessory,Quanta,China,150,249,238,25,17,4,864,286,8,96,YES,
4/14/2024,Nintendo Switch OLED,Gaming Console,Nintendo Supply,Japan,280,399,71,150,8,9,166,85,6,91,YES,
4/15/2024,iPhone 15,Phone,Foxconn,China,720,999,277,80,9,9,689,332,8,91,YES,
4/15/2024,MacBook Air,Laptop,Foxconn,China,980,1299,75,60,9,9,186,90,8,91,YES,
4/15/2024,iPad Air,Tablet,Foxconn,China,430,699,165,70,8,9,387,198,8,91,YES,
4/21/2024,iPhone 15 Pro,Phone,Foxconn,China,840,1199,141,30,8,6,330,169,8,94,YES,
4/21/2024,Dell XPS 13,Laptop,Dell Manufacturing,USA,870,1199,85,40,14,7,272,102,5,93,YES,
4/21/2024,AirPods 3,Accessory,Foxconn,China,100,199,46,100,12,12,134,55,8,88,YES,
4/21/2024,iPad Mini,Tablet,Foxconn,China,350,649,162,50,9,8,403,194,8,92,YES,
4/21/2024,Beats Fit Pro,Earbuds,Foxconn,Vietnam,140,249,252,40,9,12,626,302,7,88,YES,
4/21/2024,Samsung Galaxy S24,Phone,Samsung Electronics,South Korea,650,899,279,90,17,12,1012,335,6,88,YES,
4/21/2024,iPhone SE,Phone,Foxconn,India,420,699,151,120,17,4,548,181,6,96,YES,
4/21/2024,Logitech MX Master 4,Mouse,Quanta,China,79,159,99,50,12,9,289,119,8,91,YES,
4/21/2024,Bose Soundlink,Speaker,Synnex,Malaysia,140,190,17,140,17,10,62,20,6,90,NO,
4/21/2024,HP Pavilion,Laptop,HP Supply Chain,Vietnam,540,799,120,75,8,11,281,144,7,89,YES,
4/21/2024,MacBook Pro,Laptop,Foxconn,China,1200,1699,24,55,8,11,56,29,8,89,YES,
4/21/2024,iPad Pro,Tablet,Foxconn,China,550,899,147,60,8,7,344,176,8,93,YES,
4/21/2024,Samsung Galaxy S24 Ultra,Phone,Samsung Electronics,South Korea,820,1299,288,80,9,11,716,346,6,89,YES,
4/21/2024,Google Pixel 8 Pro,Phone,Google Supply,Vietnam,720,1099,85,210,9,12,211,102,7,88,YES,
4/21/2024,Dell XPS 15,Laptop,Dell Manufacturing,USA,600,1399,66,35,17,10,239,79,5,90,YES,
4/21/2024,Asus Zenbook 5,Laptop,ASUS Manufacturing,China,450,799,139,65,17,9,504,167,8,91,YES,
4/21/2024,AirPods Pro,Accessory,Foxconn,China,120,249,62,230,12,3,181,74,8,97,NO,
4/21/2024,Microsoft Surface Laptop,Laptop,Pegatron,China,900,1399,115,45,12,4,335,138,8,96,YES,
4/21/2024,OnePlus 12,Phone,BBK Electronics,China,540,799,129,70,12,6,376,155,8,94,YES,
4/21/2024,"iMac 24""",Desktop,Foxconn,China,1100,1599,22,90,12,9,64,26,8,91,NO,
4/21/2024,Asus ROG Zephyrus,Gaming Laptop,ASUS Manufacturing,Taiwan,1300,1899,115,50,12,5,335,138,9,95,YES,
4/21/2024,Logitech G Pro X,Gaming Mouse,Quanta,Vietnam,65,149,153,30,17,9,555,184,7,91,YES,
4/21/2024,Beats Studio Pro,Headphones,Foxconn,Vietnam,245,469,49,60,17,11,178,59,7,89,YES,
4/21/2024,Bose QuietComfort Ultra,Headphones,Synnex,Malaysia,260,429,68,90,9,12,169,82,6,88,YES,
4/21/2024,Samsung Galaxy A54,Phone,Samsung Electronics,Vietnam,300,499,270,120,9,2,671,324,7,98,YES,
4/21/2024,Microsoft Surface Pro,Tablet,Pegatron,China,700,1099,92,50,8,9,216,110,8,91,YES,
4/21/2024,iPhone 15 Plus,Phone,Foxconn,China,760,1099,175,40,8,9,410,210,8,91,YES,
4/21/2024,Logitech Brio Webcam,Accessory,Quanta,China,90,199,234,20,17,2,849,281,8,98,YES,
4/21/2024,Amazon Fire Tablet,Tablet,Foxconn,China,120,199,33,180,9,10,82,40,8,90,NO,
4/21/2024,Sony WH-1000XM5,Headphones,Sony Electronics,Malaysia,210,399,26,50,9,8,65,31,6,92,YES,
4/21/2024,Beats Solo Pro,Headphones,Foxconn,Vietnam,200,349,51,45,21,12,214,61,7,88,YES,
4/21/2024,Logitech G915 Keyboard,Accessory,Quanta,China,200,349,185,35,17,3,671,222,8,97,YES,
4/21/2024,Sony Headphones,Accessory,Sony Electronics,Japan,150,299,108,50,17,7,392,130,6,93,YES,
4/21/2024,Mac Mini,Desktop,Foxconn,China,650,999,14,60,18,8,53,17,8,92,NO,
4/21/2024,"iPad Pro 12.9""",Tablet,Foxconn,China,800,1199,74,25,20,4,300,89,8,96,YES,
4/21/2024,Logitech StreamCam,Accessory,Quanta,China,150,249,197,40,17,10,715,236,8,90,YES,
4/21/2024,Nintendo Switch OLED,Gaming Console,Nintendo Supply,Japan,280,399,63,20,12,4,184,76,6,96,YES,
4/21/2024,Google Pixel 8,Phone,Google Supply,Vietnam,600,849,275,200,12,12,801,330,7,88,YES,
4/21/2024,iPhone 15 Pro,Phone,Foxconn,China,840,1199,80,30,12,7,233,96,8,93,YES,
4/21/2024,iPad Air,Tablet,Foxconn,China,430,699,52,80,12,10,152,62,8,90,YES,
4/21/2024,AirPods Pro,Accessory,Foxconn,China,120,249,282,90,8,12,661,338,8,88,YES,
4/21/2024,Bose Soundlink,Speaker,Synnex,Malaysia,140,190,35,140,14,3,112,42,6,97,NO,
4/21/2024,MacBook Pro,Laptop,Foxconn,China,1200,1699,142,50,18,7,536,170,8,93,YES,
4/21/2024,Dell XPS 13,Laptop,Dell Manufacturing,USA,870,1199,145,25,13,9,443,174,5,91,YES,
4/21/2024,HP Envy Laptop,Laptop,HP Supply Chain,Vietnam,620,999,27,30,12,7,79,32,7,93,YES,
4/21/2024,Microsoft Surface Laptop,Laptop,Pegatron,China,900,1399,84,40,12,8,245,101,8,92,YES,
4/21/2024,Asus ROG Zephyrus,Gaming Laptop,ASUS Manufacturing,Taiwan,1300,1899,51,35,8,4,119,61,9,96,YES,
4/28/2024,iPhone 15,Phone,Foxconn,China,720,999,290,70,14,7,928,348,8,93,YES,
4/28/2024,iPad Mini,Tablet,Foxconn,China,350,649,129,40,18,8,487,155,8,92,YES,
4/28/2024,MacBook Air,Laptop,Foxconn,China,980,1299,108,55,14,2,346,130,8,98,YES,
4/28/2024,Beats Fit Pro,Earbuds,Foxconn,Vietnam,140,249,201,35,18,8,758,241,7,92,YES,
4/28/2024,AirPods Pro,Accessory,Foxconn,China,120,249,61,200,14,7,195,73,8,93,NO,
4/28/2024,iPhone 15 Pro,Phone,Foxconn,China,840,1199,209,20,18,4,788,251,8,96,YES,
4/28/2024,Dell XPS 13,Laptop,Dell Manufacturing,USA,870,1199,134,35,12,12,391,161,5,88,YES,
4/28/2024,iPad Air,Tablet,Foxconn,China,430,699,113,60,12,11,329,136,8,89,YES,
4/28/2024,Logitech MX Master 4,Mouse,Quanta,China,79,159,114,50,14,3,365,137,8,97,YES,
4/28/2024,Samsung Galaxy S24,Phone,Samsung Electronics,South Korea,650,899,109,70,18,12,411,131,6,88,YES,
4/28/2024,iPhone SE,Phone,Foxconn,India,420,699,105,90,20,3,426,126,6,97,YES,
4/28/2024,MacBook Pro,Laptop,Foxconn,China,1200,1699,88,50,14,8,282,106,8,92,YES,
4/28/2024,AirPods 3,Accessory,Foxconn,China,100,199,237,80,12,11,691,284,8,89,YES,
4/28/2024,Bose Soundlink,Speaker,Synnex,Malaysia,140,190,80,120,12,2,233,96,6,98,YES,
4/28/2024,HP Pavilion,Laptop,HP Supply Chain,Vietnam,540,799,132,60,14,4,422,158,7,96,YES,
4/28/2024,Asus Zenbook 5,Laptop,ASUS Manufacturing,China,450,799,50,50,18,9,189,60,8,91,YES,
4/28/2024,Microsoft Surface Laptop,Laptop,Pegatron,China,900,1399,79,40,20,12,321,95,8,88,YES,
4/28/2024,Dell XPS 15,Laptop,Dell Manufacturing,USA,600,1399,116,30,14,8,371,139,5,92,YES,
4/28/2024,Samsung Galaxy S24 Ultra,Phone,Samsung Electronics,South Korea,820,1299,156,60,12,2,455,187,6,98,YES,
4/28/2024,Google Pixel 8 Pro,Phone,Google Supply,Vietnam,720,1099,175,180,12,7,510,210,7,93,YES,
4/28/2024,Logitech G Pro X,Gaming Mouse,Quanta,Vietnam,65,149,190,35,14,9,608,228,7,91,YES,
4/28/2024,Asus ROG Zephyrus,Gaming Laptop,ASUS Manufacturing,Taiwan,1300,1899,103,40,18,9,388,124,9,91,YES,
4/28/2024,OnePlus 12,Phone,BBK Electronics,China,540,799,139,60,12,5,405,167,8,95,YES,
4/28/2024,"iMac 24""",Desktop,Foxconn,China,1100,1599,48,80,12,3,140,58,8,97,YES,
4/28/2024,Bose QuietComfort Ultra,Headphones,Synnex,Malaysia,260,429,138,45,14,8,442,166,6,92,YES,
4/28/2024,Beats Studio Pro,Headphones,Foxconn,Vietnam,245,469,134,35,18,7,505,161,7,93,YES,
4/28/2024,Logitech Brio Webcam,Accessory,Quanta,China,90,199,203,25,20,12,824,244,8,88,YES,
4/28/2024,Amazon Fire Tablet,Tablet,Foxconn,China,120,199,187,150,17,7,679,224,8,93,YES,
4/28/2024,iPhone 15 Plus,Phone,Foxconn,China,760,1099,245,30,18,12,924,294,8,88,YES,
4/28/2024,Microsoft Surface Pro,Tablet,Pegatron,China,700,1099,119,40,20,2,483,143,8,98,YES,
4/28/2024,Samsung Galaxy A54,Phone,Samsung Electronics,Vietnam,300,499,188,110,18,12,709,226,7,88,YES,
4/28/2024,Sony WH-1000XM5,Headphones,Sony Electronics,Malaysia,210,399,54,35,17,3,196,65,6,97,YES,
4/28/2024,Beats Solo Pro,Headphones,Foxconn,Vietnam,200,349,87,25,8,3,204,104,7,97,YES,
4/28/2024,Mac Mini,Desktop,Foxconn,China,650,999,28,20,18,5,106,34,8,95,YES,
4/28/2024,iPad Pro,Tablet,Foxconn,China,550,899,89,45,17,3,323,107,8,97,YES,
4/28/2024,Logitech StreamCam,Accessory,Quanta,China,150,249,28,15,8,3,66,34,8,97,YES,
4/28/2024,Nintendo Switch OLED,Gaming Console,Nintendo Supply,Japan,280,399,32,30,12,11,93,38,6,89,YES,
4/28/2024,Sony Headphones,Accessory,Sony Electronics,Japan,150,299,42,25,12,4,122,50,6,96,YES,
4/28/2024,"iPad Pro 12.9""",Tablet,Foxconn,China,800,1199,170,70,14,10,544,204,8,90,YES,
4/28/2024,Google Pixel 8,Phone,Google Supply,Vietnam,600,849,263,20,20,12,1067,316,7,88,YES,
4/28/2024,HP Envy Laptop,Laptop,HP Supply Chain,Vietnam,620,999,31,60,12,9,90,37,7,91,YES,
4/28/2024,iPhone 15 Pro,Phone,Foxconn,China,840,1199,137,15,12,11,399,164,8,89,YES,
4/28/2024,AirPods Pro,Accessory,Foxconn,China,120,249,72,90,14,8,230,86,8,92,YES,
4/28/2024,Bose Soundlink,Speaker,Synnex,Malaysia,140,190,77,120,20,8,312,92,6,92,YES,
4/28/2024,MacBook Pro,Laptop,Foxconn,China,1200,1699,40,35,17,10,145,48,8,90,YES,
4/28/2024,Dell XPS 13,Laptop,Dell Manufacturing,USA,870,1199,38,40,14,11,122,46,5,89,YES,
4/28/2024,Asus ROG Zephyrus,Gaming Laptop,ASUS Manufacturing,Taiwan,1300,1899,74,50,20,6,300,89,9,94,YES,
4/28/2024,Microsoft Surface Laptop,Laptop,Pegatron,China,900,1399,110,30,17,2,399,132,8,98,YES,
4/28/2024,iPhone 15,Phone,Foxconn,China,720,999,79,25,20,3,321,95,8,97,YES,
4/28/2024,Beats Fit Pro,Earbuds,Foxconn,Vietnam,140,249,195,20,12,5,568,234,7,95,YES,
4/28/2024,Logitech G915 Keyboard,Accessory,Quanta,China,200,349,125,35,12,7,364,150,8,93,YES,
5/5/2024,iPad Air,Tablet,Foxconn,China,430,699,133,60,20,6,540,160,8,94,YES,
5/5/2024,iPhone 15,Phone,Foxconn,China,720,999,250,50,17,12,907,300,8,88,YES,
5/5/2024,MacBook Pro,Laptop,Foxconn,China,1200,1699,145,45,12,5,423,174,8,95,YES,
5/5/2024,AirPods 3,Accessory,Foxconn,China,100,199,215,70,17,10,780,258,8,90,YES,
5/5/2024,Beats Fit Pro,Earbuds,Foxconn,Vietnam,140,249,210,25,18,6,792,252,7,94,YES,
5/5/2024,iPhone 15 Pro,Phone,Foxconn,China,840,1199,106,15,,2,127,127,8,98,YES,
5/5/2024,Mac Mini,Desktop,Foxconn,China,650,999,20,40,20,3,81,24,8,97,YES,
5/5/2024,Logitech MX Master 4,Mouse,Quanta,China,79,159,294,35,17,12,1067,353,8,88,YES,
5/5/2024,iPad Mini,Tablet,Foxconn,China,350,649,60,45,12,12,175,72,8,88,YES,
5/5/2024,Samsung Galaxy S24,Phone,Samsung Electronics,South Korea,650,899,200,60,12,10,583,240,6,90,YES,
5/5/2024,Dell XPS 13,Laptop,Dell Manufacturing,USA,870,1199,95,30,17,5,345,114,5,95,YES,
5/5/2024,AirPods Pro,Accessory,Foxconn,China,120,249,218,150,20,4,884,262,8,96,YES,
5/5/2024,Bose Soundlink,Speaker,Synnex,Malaysia,140,190,76,100,18,12,287,91,6,88,YES,
5/5/2024,Asus Zenbook 5,Laptop,ASUS Manufacturing,China,450,799,93,40,9,9,231,112,8,91,YES,
5/5/2024,Dell XPS 15,Laptop,Dell Manufacturing,USA,600,1399,134,25,18,11,505,161,5,89,YES,
5/5/2024,Microsoft Surface Laptop,Laptop,Pegatron,China,900,1399,120,30,14,10,384,144,8,90,YES,
5/5/2024,iPhone SE,Phone,Foxconn,India,420,699,234,80,16,8,816,281,6,92,YES,
5/5/2024,Samsung Galaxy S24 Ultra,Phone,Samsung Electronics,South Korea,820,1299,247,55,9,8,614,296,6,92,YES,
5/5/2024,Google Pixel 8 Pro,Phone,Google Supply,Vietnam,720,1099,259,180,18,8,977,311,7,92,YES,
5/5/2024,Logitech G Pro X,Gaming Mouse,Quanta,Vietnam,65,149,180,30,17,2,653,216,7,98,YES,
5/5/2024,Asus ROG Zephyrus,Gaming Laptop,ASUS Manufacturing,Taiwan,1300,1899,128,50,12,3,373,154,9,97,YES,
5/5/2024,HP Pavilion,Laptop,HP Supply Chain,Vietnam,540,799,89,40,12,2,259,107,7,98,YES,
5/5/2024,OnePlus 12,Phone,BBK Electronics,China,540,799,275,65,17,7,998,330,8,93,YES,
5/5/2024,"iMac 24""",Desktop,Foxconn,China,1100,1599,46,70,18,11,173,55,8,89,YES,
5/5/2024,Bose QuietComfort Ultra,Headphones,Synnex,Malaysia,260,429,104,35,9,8,259,125,6,92,YES,
5/5/2024,Beats Studio Pro,Headphones,Foxconn,Vietnam,245,469,39,25,15,2,130,47,7,98,YES,
5/5/2024,Logitech Brio Webcam,Accessory,Quanta,China,90,199,69,20,9,9,172,83,8,91,YES,
5/5/2024,Amazon Fire Tablet,Tablet,Foxconn,China,120,199,78,120,24,6,361,94,8,94,YES,
5/5/2024,iPhone 15 Plus,Phone,Foxconn,China,760,1099,198,35,9,11,492,238,8,89,YES,
5/5/2024,Microsoft Surface Pro,Tablet,Pegatron,China,700,1099,91,30,15,7,304,109,8,93,YES,
5/5/2024,Samsung Galaxy A54,Phone,Samsung Electronics,Vietnam,300,499,106,90,17,5,385,127,7,95,YES,
5/5/2024,Sony WH-1000XM5,Headphones,Sony Electronics,Malaysia,210,399,88,20,18,4,332,106,6,96,YES,
5/5/2024,Beats Solo Pro,Headphones,Foxconn,Vietnam,200,349,45,15,20,11,183,54,7,89,YES,
5/5/2024,MacBook Air,Laptop,Foxconn,China,980,1299,108,50,12,11,315,130,8,89,YES,
5/5/2024,iPad Pro,Tablet,Foxconn,China,550,899,137,25,20,6,556,164,8,94,YES,
5/5/2024,Logitech StreamCam,Accessory,Quanta,China,150,249,229,10,18,7,864,275,8,93,YES,
5/5/2024,Nintendo Switch OLED,Gaming Console,Nintendo Supply,Japan,280,399,79,35,17,10,287,95,6,90,YES,
5/5/2024,Sony Headphones,Accessory,Sony Electronics,Japan,150,299,235,15,9,4,584,282,6,96,YES,
5/5/2024,"iPad Pro 12.9""",Tablet,Foxconn,China,800,1199,187,30,17,5,679,224,8,95,YES,
5/5/2024,Google Pixel 8,Phone,Google Supply,Vietnam,600,849,240,25,9,3,597,288,7,97,YES,
5/5/2024,HP Envy Laptop,Laptop,HP Supply Chain,Vietnam,620,999,85,40,20,8,345,102,7,92,YES,
5/5/2024,iPhone 15 Pro,Phone,Foxconn,China,840,1199,262,15,12,5,764,314,8,95,YES,
5/5/2024,AirPods Pro,Accessory,Foxconn,China,120,249,188,60,20,3,763,226,8,97,YES,
5/5/2024,Bose Soundlink,Speaker,Synnex,Malaysia,140,190,72,35,16,7,251,86,6,93,YES,
5/5/2024,MacBook Pro,Laptop,Foxconn,China,1200,1699,110,40,14,12,352,132,8,88,YES,
5/5/2024,Dell XPS 13,Laptop,Dell Manufacturing,USA,870,1199,136,20,9,5,338,163,5,95,YES,
5/5/2024,Asus ROG Zephyrus,Gaming Laptop,ASUS Manufacturing,Taiwan,1300,1899,42,50,20,4,170,50,9,96,YES,
5/5/2024,Microsoft Surface Laptop,Laptop,Pegatron,China,900,1399,76,30,12,11,221,91,8,89,YES,
5/5/2024,iPhone 15,Phone,Foxconn,China,720,999,99,25,20,5,402,119,8,95,YES,
5/5/2024,Beats Fit Pro,Earbuds,Foxconn,Vietnam,140,249,93,15,9,9,231,112,7,91,YES,
5/12/2024,iPhone 15,Phone,Foxconn,China,720,999,168,50,16,8,586,202,8,92,YES,
5/12/2024,iPad Air,Tablet,Foxconn,China,430,699,183,55,17,4,664,220,8,96,YES,
5/12/2024,MacBook Pro,Laptop,Foxconn,China,1200,1699,73,40,14,4,234,88,8,96,YES,
5/12/2024,Beats Fit Pro,Earbuds,Foxconn,Vietnam,140,249,80,20,17,5,290,96,7,95,YES,
5/12/2024,AirPods Pro,Accessory,Foxconn,China,120,249,274,130,18,11,1033,329,8,89,YES,
5/12/2024,Mac Mini,Desktop,Foxconn,China,650,999,30,35,14,4,96,36,8,96,YES,
5/12/2024,iPad Mini,Tablet,Foxconn,China,350,649,184,40,12,7,536,221,8,93,YES,
5/12/2024,Logitech MX Master 4,Mouse,Quanta,China,79,159,173,30,20,7,702,208,8,93,YES,
5/12/2024,Dell XPS 13,Laptop,Dell Manufacturing,USA,870,1199,148,25,9,4,368,178,5,96,YES,
5/12/2024,Samsung Galaxy S24,Phone,Samsung Electronics,South Korea,650,899,60,50,14,11,192,72,6,89,YES,
5/12/2024,AirPods 3,Accessory,Foxconn,China,100,199,105,65,16,9,366,126,8,91,YES,
5/12/2024,Asus Zenbook 5,Laptop,ASUS Manufacturing,China,450,799,26,35,14,6,83,31,8,94,YES,
5/12/2024,HP Pavilion,Laptop,HP Supply Chain,Vietnam,540,799,119,45,12,3,347,143,7,97,YES,
5/12/2024,Dell XPS 15,Laptop,Dell Manufacturing,USA,600,1399,38,25,20,6,154,46,5,94,YES,
5/12/2024,Microsoft Surface Laptop,Laptop,Pegatron,China,900,1399,124,30,9,5,308,149,8,95,YES,
5/12/2024,iPhone SE,Phone,Foxconn,India,420,699,224,70,14,2,717,269,6,98,YES,
5/12/2024,Samsung Galaxy S24 Ultra,Phone,Samsung Electronics,South Korea,820,1299,133,45,16,7,464,160,6,93,YES,
5/12/2024,Google Pixel 8 Pro,Phone,Google Supply,Vietnam,720,1099,55,150,17,10,200,66,7,90,YES,
5/12/2024,Logitech G Pro X,Gaming Mouse,Quanta,Vietnam,65,149,291,25,12,3,848,349,7,97,YES,
5/12/2024,Asus ROG Zephyrus,Gaming Laptop,ASUS Manufacturing,Taiwan,1300,1899,38,35,20,7,154,46,9,93,YES,
5/12/2024,"iMac 24""",Desktop,Foxconn,China,1100,1599,10,60,9,3,25,12,8,97,NO,
5/12/2024,Bose Soundlink,Speaker,Synnex,Malaysia,140,190,75,90,14,10,240,90,6,90,YES,
5/12/2024,Bose QuietComfort Ultra,Headphones,Synnex,Malaysia,260,429,121,40,16,2,422,145,6,98,YES,
5/12/2024,Beats Studio Pro,Headphones,Foxconn,Vietnam,245,469,49,20,16,5,171,59,7,95,YES,
5/12/2024,Logitech Brio Webcam,Accessory,Quanta,China,90,199,77,15,17,8,279,92,8,92,YES,
5/12/2024,Amazon Fire Tablet,Tablet,Foxconn,China,120,199,179,100,14,8,573,215,8,92,YES,
5/12/2024,iPhone 15 Plus,Phone,Foxconn,China,760,1099,101,25,12,2,294,121,8,98,YES,
5/12/2024,Microsoft Surface Pro,Tablet,Pegatron,China,700,1099,104,35,20,3,422,125,8,97,YES,
5/12/2024,Samsung Galaxy A54,Phone,Samsung Electronics,Vietnam,300,499,207,70,9,6,515,248,7,94,YES,
5/12/2024,Sony WH-1000XM5,Headphones,Sony Electronics,Malaysia,210,399,42,20,14,7,134,50,6,93,YES,
5/12/2024,Beats Solo Pro,Headphones,Foxconn,Vietnam,200,349,82,10,16,5,286,98,7,95,YES,
5/12/2024,iPad Pro,Tablet,Foxconn,China,550,899,50,35,14,2,160,60,8,98,YES,
5/12/2024,Logitech StreamCam,Accessory,Quanta,China,150,249,168,15,12,8,490,202,8,92,YES,
5/12/2024,Nintendo Switch OLED,Gaming Console,Nintendo Supply,Japan,280,399,46,25,20,11,187,55,6,89,YES,
5/12/2024,Sony Headphones,Accessory,Sony Electronics,Japan,150,299,253,30,9,3,629,304,6,97,YES,
5/19/2024,MacBook Air,Laptop,Foxconn,China,980,1299,47,40,20,2,191,56,8,98,YES,
5/19/2024,iPhone 15,Phone,Foxconn,China,720,999,290,45,9,6,721,348,8,94,YES,
5/19/2024,AirPods Pro,Accessory,Foxconn,China,120,249,88,110,12,5,256,106,8,95,YES,
5/19/2024,Dell XPS 13,Laptop,Dell Manufacturing,USA,870,1199,141,20,16,6,491,169,5,94,YES,
5/19/2024,iPad Air,Tablet,Foxconn,China,430,699,162,50,14,12,518,194,8,88,YES,
5/19/2024,Beats Studio Pro,Headphones,Foxconn,Vietnam,245,469,134,15,20,6,544,161,7,94,YES,
5/19/2024,Samsung Galaxy S24,Phone,Samsung Electronics,South Korea,650,899,156,40,12,3,455,187,6,97,YES,
5/19/2024,iPhone SE,Phone,Foxconn,India,420,699,71,60,9,4,176,85,6,96,YES,
5/19/2024,Logitech MX Master 4,Mouse,Quanta,China,79,159,278,25,12,2,810,334,8,98,YES,
5/19/2024,iPad Mini,Tablet,Foxconn,China,350,649,109,30,14,4,349,131,8,96,YES,
5/19/2024,MacBook Pro,Laptop,Foxconn,China,1200,1699,46,35,14,7,147,55,8,93,YES,
5/19/2024,Asus Zenbook 5,Laptop,ASUS Manufacturing,China,450,799,40,25,12,8,117,48,8,92,YES,
5/19/2024,Dell XPS 15,Laptop,Dell Manufacturing,USA,600,1399,35,18,9,3,87,42,5,97,YES,
5/19/2024,Bose Soundlink,Speaker,Synnex,Malaysia,140,190,55,80,12,6,160,66,6,94,YES,
5/19/2024,HP Pavilion,Laptop,HP Supply Chain,Vietnam,540,799,89,35,14,10,285,107,7,90,YES,
5/19/2024,Samsung Galaxy S24 Ultra,Phone,Samsung Electronics,South Korea,820,1299,295,30,9,4,733,354,6,96,YES,
5/19/2024,Google Pixel 8 Pro,Phone,Google Supply,Vietnam,720,1099,94,120,14,11,301,113,7,89,YES,
5/19/2024,"iMac 24""",Desktop,Foxconn,China,1100,1599,38,50,12,7,111,46,8,93,YES,
5/19/2024,Logitech G Pro X,Gaming Mouse,Quanta,Vietnam,65,149,93,20,20,10,377,112,7,90,YES,
5/19/2024,Microsoft Surface Laptop,Laptop,Pegatron,China,900,1399,148,25,12,3,431,178,8,97,YES,
5/19/2024,OnePlus 12,Phone,BBK Electronics,China,540,799,149,45,9,7,370,179,8,93,YES,
5/19/2024,Sony WH-1000XM5,Headphones,Sony Electronics,Malaysia,210,399,56,15,12,10,163,67,6,90,YES,
5/19/2024,Bose QuietComfort Ultra,Headphones,Synnex,Malaysia,260,429,107,25,14,3,342,128,6,97,YES,
5/19/2024,Beats Fit Pro,Earbuds,Foxconn,Vietnam,140,249,262,18,13,7,801,314,7,93,YES,
5/19/2024,Amazon Fire Tablet,Tablet,Foxconn,China,120,199,80,85,7,7,176,96,8,93,YES,
5/19/2024,Microsoft Surface Pro,Tablet,Pegatron,China,700,1099,66,28,20,10,268,79,8,90,YES,
5/19/2024,Samsung Galaxy A54,Phone,Samsung Electronics,Vietnam,300,499,153,55,12,6,446,184,7,94,YES,
5/19/2024,Nintendo Switch OLED,Gaming Console,Nintendo Supply,Japan,280,399,41,20,9,8,102,49,6,92,YES,
5/19/2024,Sony Headphones,Accessory,Sony Electronics,Japan,150,299,259,22,9,4,644,311,6,96,YES,
5/26/2024,iPhone 15 Pro,Phone,Foxconn,China,840,1199,248,25,14,7,794,298,8,93,YES,
5/26/2024,MacBook Air,Laptop,Foxconn,China,980,1299,116,35,12,5,338,139,8,95,YES,
5/26/2024,iPad Pro,Tablet,Foxconn,China,550,899,112,40,9,6,278,134,8,94,YES,
5/26/2024,AirPods 3,Accessory,Foxconn,China,100,199,36,55,14,10,115,43,8,90,YES,
5/26/2024,Dell XPS 13,Laptop,Dell Manufacturing,USA,870,1199,80,15,4,4,142,96,5,96,YES,
5/26/2024,Beats Fit Pro,Earbuds,Foxconn,Vietnam,140,249,248,15,12,12,723,298,7,88,YES,
5/26/2024,Samsung Galaxy S24,Phone,Samsung Electronics,South Korea,650,899,124,35,9,3,308,149,6,97,YES,
5/26/2024,iPhone SE,Phone,Foxconn,India,420,699,136,50,14,4,435,163,6,96,YES,
5/26/2024,Logitech MX Master 4,Mouse,Quanta,China,79,159,124,18,12,8,361,149,8,92,YES,
5/26/2024,Bose Soundlink,Speaker,Synnex,Malaysia,140,190,23,65,9,11,57,28,6,89,NO,
5/26/2024,HP Pavilion,Laptop,HP Supply Chain,Vietnam,540,799,108,28,6,2,222,130,7,98,YES,
5/26/2024,Mac Mini,Desktop,Foxconn,China,650,999,39,30,7,9,86,47,8,91,YES,
5/26/2024,iPad Air,Tablet,Foxconn,China,430,699,146,45,14,12,467,175,8,88,YES,
5/26/2024,Dell XPS 15,Laptop,Dell Manufacturing,USA,600,1399,32,12,19,6,125,38,5,94,YES,
5/26/2024,Asus Zenbook 5,Laptop,ASUS Manufacturing,China,450,799,139,20,12,12,405,167,8,88,YES,
5/26/2024,Samsung Galaxy S24 Ultra,Phone,Samsung Electronics,South Korea,820,1299,176,22,9,9,437,211,6,91,YES,
5/26/2024,Google Pixel 8 Pro,Phone,Google Supply,Vietnam,720,1099,95,95,13,5,290,114,7,95,YES,
5/26/2024,Logitech G Pro X,Gaming Mouse,Quanta,Vietnam,65,149,288,15,14,11,922,346,7,89,YES,
5/26/2024,Microsoft Surface Laptop,Laptop,Pegatron,China,900,1399,119,20,8,8,279,143,8,92,YES,
5/26/2024,"iMac 24""",Desktop,Foxconn,China,1100,1599,42,45,12,3,122,50,8,97,YES,
5/26/2024,Sony WH-1000XM5,Headphones,Sony Electronics,Malaysia,210,399,53,12,9,11,132,64,6,89,YES,
5/26/2024,Bose QuietComfort Ultra,Headphones,Synnex,Malaysia,260,429,24,18,7,11,53,29,6,89,YES,
5/26/2024,Beats Studio Pro,Headphones,Foxconn,Vietnam,245,469,51,15,14,7,163,61,7,93,YES,
5/26/2024,Amazon Fire Tablet,Tablet,Foxconn,China,120,199,90,70,15,12,301,108,8,88,YES,
5/26/2024,Microsoft Surface Pro,Tablet,Pegatron,China,700,1099,114,25,13,11,349,137,8,89,YES,
5/26/2024,Samsung Galaxy A54,Phone,Samsung Electronics,Vietnam,300,499,78,40,12,10,227,94,7,90,YES,
5/26/2024,Nintendo Switch OLED,Gaming Console,Nintendo Supply,Japan,280,399,54,18,9,6,134,65,6,94,YES,
5/26/2024,Sony Headphones,Accessory,Sony Electronics,Japan,150,299,196,20,14,4,627,235,6,96,YES,
5/26/2024,OnePlus 12,Phone,BBK Electronics,China,540,799,224,30,12,10,653,269,8,90,YES,
5/26/2024,Logitech Brio Webcam,Accessory,Quanta,China,90,199,153,10,9,10,380,184,8,90,YES,
5/26/2024,iPhone 15,Phone,Foxconn,China,720,999,170,30,6,10,350,204,8,90,YES,
6/2/2024,MacBook Pro,Laptop,Foxconn,China,1200,1699,107,25,19,4,419,128,8,96,YES,
6/2/2024,AirPods Pro,Accessory,Foxconn,China,120,249,169,90,18,4,637,203,8,96,YES,
6/2/2024,iPad Air,Tablet,Foxconn,China,430,699,80,35,6,3,165,96,8,97,YES,
6/2/2024,Dell XPS 13,Laptop,Dell Manufacturing,USA,870,1199,139,10,17,11,504,167,5,89,YES,
6/2/2024,Beats Studio Pro,Headphones,Foxconn,Vietnam,245,469,43,12,21,2,181,52,7,98,YES,
6/2/2024,Samsung Galaxy S24,Phone,Samsung Electronics,South Korea,650,899,63,28,6,8,130,76,6,92,YES,
6/2/2024,iPhone SE,Phone,Foxconn,India,420,699,64,40,14,10,205,77,6,90,YES,
6/2/2024,Logitech MX Master 4,Mouse,Quanta,China,79,159,240,15,12,12,699,288,8,88,YES,
6/2/2024,iPad Mini,Tablet,Foxconn,China,350,649,155,20,9,8,385,186,8,92,YES,
6/2/2024,Mac Mini,Desktop,Foxconn,China,650,999,48,22,14,9,154,58,8,91,YES,
6/2/2024,HP Pavilion,Laptop,HP Supply Chain,Vietnam,540,799,68,20,21,2,286,82,7,98,YES,
6/2/2024,Dell XPS 15,Laptop,Dell Manufacturing,USA,600,1399,42,8,19,5,164,50,5,95,YES,
6/2/2024,Asus Zenbook 5,Laptop,ASUS Manufacturing,China,450,799,51,15,13,4,156,61,8,96,YES,
6/2/2024,Bose Soundlink,Speaker,Synnex,Malaysia,140,190,35,50,17,4,127,42,6,96,YES,
6/2/2024,Samsung Galaxy S24 Ultra,Phone,Samsung Electronics,South Korea,820,1299,238,18,14,10,762,286,6,90,YES,
6/2/2024,Google Pixel 8 Pro,Phone,Google Supply,Vietnam,720,1099,181,70,12,12,527,217,7,88,YES,
6/2/2024,"iMac 24""",Desktop,Foxconn,China,1100,1599,24,35,9,6,60,29,8,94,YES,
6/2/2024,Logitech G Pro X,Gaming Mouse,Quanta,Vietnam,65,149,212,10,13,9,648,254,7,91,YES,
6/2/2024,Microsoft Surface Laptop,Laptop,Pegatron,China,900,1399,144,15,17,8,523,173,8,92,YES,
6/2/2024,Sony WH-1000XM5,Headphones,Sony Electronics,Malaysia,210,399,144,8,16,3,502,173,6,97,YES,
6/2/2024,Bose QuietComfort Ultra,Headphones,Synnex,Malaysia,260,429,98,12,19,11,384,118,6,89,YES,
6/2/2024,Beats Fit Pro,Earbuds,Foxconn,Vietnam,140,249,223,10,14,12,714,268,7,88,YES,
6/2/2024,Amazon Fire Tablet,Tablet,Foxconn,China,120,199,185,60,6,5,381,222,8,95,YES,
6/2/2024,Microsoft Surface Pro,Tablet,Pegatron,China,700,1099,150,18,6,10,309,180,8,90,YES,
6/2/2024,Samsung Galaxy A54,Phone,Samsung Electronics,Vietnam,300,499,270,30,8,7,633,324,7,93,YES,
6/2/2024,Nintendo Switch OLED,Gaming Console,Nintendo Supply,Japan,280,399,25,12,14,10,80,30,6,90,YES,
6/2/2024,Sony Headphones,Accessory,Sony Electronics,Japan,150,299,186,15,12,2,542,223,6,98,YES,
6/2/2024,OnePlus 12,Phone,BBK Electronics,China,540,799,203,22,9,6,505,244,8,94,YES,
6/2/2024,Logitech Brio Webcam,Accessory,Quanta,China,90,199,150,6,13,3,459,180,8,97,YES,
6/9/2024,iPhone 15 Pro,Phone,Foxconn,China,840,1199,172,18,17,6,624,206,8,94,YES,
6/9/2024,MacBook Air,Laptop,Foxconn,China,980,1299,94,28,14,6,301,113,8,94,YES,
6/9/2024,AirPods Pro,Accessory,Foxconn,China,120,249,225,75,12,2,656,270,8,98,YES,
6/9/2024,iPad Air,Tablet,Foxconn,China,430,699,198,30,17,12,718,238,8,88,YES,
6/9/2024,Dell XPS 13,Laptop,Dell Manufacturing,USA,870,1199,60,6,14,12,192,72,5,88,YES,
6/9/2024,Samsung Galaxy S24,Phone,Samsung Electronics,South Korea,650,899,138,24,12,7,402,166,6,93,YES,
6/9/2024,Beats Studio Pro,Headphones,Foxconn,Vietnam,245,469,36,8,6,8,74,43,7,92,YES,
6/9/2024,iPhone SE,Phone,Foxconn,India,420,699,284,32,6,12,584,341,6,88,YES,
6/9/2024,Logitech MX Master 4,Mouse,Quanta,China,79,159,256,12,8,6,600,307,8,94,YES,
6/9/2024,iPad Mini,Tablet,Foxconn,China,350,649,146,18,14,6,467,175,8,94,YES,
6/9/2024,MacBook Pro,Laptop,Foxconn,China,1200,1699,143,20,12,10,417,172,8,90,YES,
6/9/2024,HP Pavilion,Laptop,HP Supply Chain,Vietnam,540,799,53,15,9,4,132,64,7,96,YES,
6/9/2024,Dell XPS 15,Laptop,Dell Manufacturing,USA,600,1399,28,5,13,8,86,34,5,92,YES,
6/9/2024,Asus Zenbook 5,Laptop,ASUS Manufacturing,China,450,799,113,10,9,10,281,136,8,90,YES,
6/9/2024,Bose Soundlink,Speaker,Synnex,Malaysia,140,190,65,40,9,5,162,78,6,95,YES,
6/9/2024,Samsung Galaxy S24 Ultra,Phone,Samsung Electronics,South Korea,820,1299,252,12,6,11,518,302,6,89,YES,
6/9/2024,Google Pixel 8 Pro,Phone,Google Supply,Vietnam,720,1099,227,55,19,10,889,272,7,90,YES,
6/9/2024,"iMac 24""",Desktop,Foxconn,China,1100,1599,26,25,18,9,98,31,8,91,YES,
6/9/2024,Logitech G Pro X,Gaming Mouse,Quanta,Vietnam,65,149,58,6,9,6,144,70,7,94,YES,
6/9/2024,Microsoft Surface Laptop,Laptop,Pegatron,China,900,1399,34,12,13,5,104,41,8,95,YES,
6/9/2024,Sony WH-1000XM5,Headphones,Sony Electronics,Malaysia,210,399,91,5,9,9,226,109,6,91,YES,
6/9/2024,Bose QuietComfort Ultra,Headphones,Synnex,Malaysia,260,429,133,9,13,12,407,160,6,88,YES,
6/9/2024,Beats Fit Pro,Earbuds,Foxconn,Vietnam,140,249,207,8,14,8,662,248,7,92,YES,
6/9/2024,Amazon Fire Tablet,Tablet,Foxconn,China,120,199,172,50,18,8,649,206,8,92,YES,
6/9/2024,Microsoft Surface Pro,Tablet,Pegatron,China,700,1099,136,14,9,12,338,163,8,88,YES,
6/9/2024,Samsung Galaxy A54,Phone,Samsung Electronics,Vietnam,300,499,282,22,14,11,902,338,7,89,YES,
6/9/2024,Nintendo Switch OLED,Gaming Console,Nintendo Supply,Japan,280,399,62,10,9,3,154,74,6,97,YES,
6/9/2024,Sony Headphones,Accessory,Sony Electronics,Japan,150,299,193,12,6,6,397,232,6,94,YES,
6/9/2024,OnePlus 12,Phone,BBK Electronics,China,540,799,275,16,6,5,566,330,8,95,YES,
6/9/2024,Logitech Brio Webcam,Accessory,Quanta,China,90,199,68,4,8,8,159,82,8,92,YES,
6/9/2024,Mac Mini,Desktop,Foxconn,China,650,999,21,18,14,3,67,25,8,97,YES,
6/9/2024,iPad Pro,Tablet,Foxconn,China,550,899,54,22,12,7,157,65,8,93,YES,
6/9/2024,AirPods 3,Accessory,Foxconn,China,100,199,198,40,9,11,492,238,8,89,YES,
6/9/2024,Asus ROG Zephyrus,Gaming Laptop,ASUS Manufacturing,Taiwan,1300,1899,106,30,13,5,324,127,9,95,YES,
6/9/2024,HP Envy Laptop,Laptop,HP Supply Chain,Vietnam,620,999,64,18,11,2,177,77,7,98,YES,
6/9/2024,Beats Solo Pro,Headphones,Foxconn,Vietnam,200,349,121,7,15,7,404,145,7,93,YES,
6/9/2024,Logitech G915 Keyboard,Accessory,Quanta,China,200,349,53,12,9,6,132,64,8,94,YES,
6/9/2024,Google Pixel 8,Phone,Google Supply,Vietnam,600,849,191,35,11,10,529,229,7,90,YES,
6/9/2024,Nothing Phone 2,Phone,Nothing Tech,China,410,699,249,20,15,10,832,299,8,90,YES,
6/9/2024,iPhone 15 Plus,Phone,Foxconn,China,760,1099,248,24,9,12,616,298,8,88,YES,
6/16/2024,iPhone 15,Phone,Foxconn,China,720,999,292,22,14,4,934,350,8,96,YES,
6/16/2024,MacBook Pro,Laptop,Foxconn,China,1200,1699,90,18,18,5,339,108,8,95,YES,
6/16/2024,AirPods Pro,Accessory,Foxconn,China,120,249,195,60,9,3,485,234,8,97,YES,
6/16/2024,iPad Air,Tablet,Foxconn,China,430,699,35,24,17,2,127,42,8,98,YES,
6/16/2024,Dell XPS 13,Laptop,Dell Manufacturing,USA,870,1199,72,4,13,12,220,86,5,88,YES,
6/16/2024,Samsung Galaxy S24,Phone,Samsung Electronics,South Korea,650,899,233,20,11,5,646,280,6,95,YES,
6/16/2024,Beats Studio Pro,Headphones,Foxconn,Vietnam,245,469,57,6,15,3,191,68,7,97,YES,
6/16/2024,iPhone SE,Phone,Foxconn,India,420,699,279,26,9,2,694,335,6,98,YES,
6/16/2024,Logitech MX Master 4,Mouse,Quanta,China,79,159,190,10,11,4,527,228,8,96,YES,
6/16/2024,iPad Mini,Tablet,Foxconn,China,350,649,55,14,15,11,184,66,8,89,YES,
6/16/2024,Mac Mini,Desktop,Foxconn,China,650,999,21,16,9,7,52,25,8,93,YES,
6/16/2024,HP Pavilion,Laptop,HP Supply Chain,Vietnam,540,799,47,12,13,10,144,56,7,90,YES,
6/16/2024,Dell XPS 15,Laptop,Dell Manufacturing,USA,600,1399,148,3,14,6,474,178,5,94,YES,
6/16/2024,Asus Zenbook 5,Laptop,ASUS Manufacturing,China,450,799,73,8,7,12,161,88,8,88,YES,
6/16/2024,Bose Soundlink,Speaker,Synnex,Malaysia,140,190,50,30,18,6,189,60,6,94,YES,
6/16/2024,Samsung Galaxy S24 Ultra,Phone,Samsung Electronics,South Korea,820,1299,107,9,16,3,373,128,6,97,YES,
6/16/2024,Google Pixel 8 Pro,Phone,Google Supply,Vietnam,720,1099,149,40,17,5,541,179,7,95,YES,
6/16/2024,"iMac 24""",Desktop,Foxconn,China,1100,1599,11,18,14,5,35,13,8,95,YES,
6/16/2024,Logitech G Pro X,Gaming Mouse,Quanta,Vietnam,65,149,205,4,18,6,773,246,7,94,YES,
6/16/2024,Microsoft Surface Laptop,Laptop,Pegatron,China,900,1399,69,9,9,2,172,83,8,98,YES,
6/16/2024,Sony WH-1000XM5,Headphones,Sony Electronics,Malaysia,210,399,26,3,15,10,87,31,6,90,YES,
6/16/2024,Bose QuietComfort Ultra,Headphones,Synnex,Malaysia,260,429,77,6,9,6,191,92,6,94,YES,
6/16/2024,Beats Fit Pro,Earbuds,Foxconn,Vietnam,140,249,269,5,11,12,746,323,7,88,YES,
6/16/2024,Amazon Fire Tablet,Tablet,Foxconn,China,120,199,80,40,12,9,233,96,8,91,YES,
6/16/2024,Microsoft Surface Pro,Tablet,Pegatron,China,700,1099,107,10,14,12,342,128,8,88,YES,
6/16/2024,Samsung Galaxy A54,Phone,Samsung Electronics,Vietnam,300,499,271,18,18,7,1022,325,7,93,YES,
6/16/2024,Nintendo Switch OLED,Gaming Console,Nintendo Supply,Japan,280,399,87,7,8,2,204,104,6,98,YES,
6/16/2024,Sony Headphones,Accessory,Sony Electronics,Japan,150,299,96,8,11,6,266,115,6,94,YES,
6/16/2024,OnePlus 12,Phone,BBK Electronics,China,540,799,183,12,15,2,612,220,8,98,YES,
6/16/2024,Logitech Brio Webcam,Accessory,Quanta,China,90,199,55,2,9,5,137,66,8,95,YES,
6/16/2024,iPad Pro,Tablet,Foxconn,China,550,899,44,15,11,11,122,53,8,89,YES,
6/16/2024,AirPods 3,Accessory,Foxconn,China,100,199,227,28,15,3,759,272,8,97,YES,
6/16/2024,Asus ROG Zephyrus,Gaming Laptop,ASUS Manufacturing,Taiwan,1300,1899,29,20,9,4,72,35,9,96,YES,
6/16/2024,HP Envy Laptop,Laptop,HP Supply Chain,Vietnam,620,999,125,12,7,6,275,150,7,94,YES,
6/16/2024,Beats Solo Pro,Headphones,Foxconn,Vietnam,200,349,35,5,11,4,97,42,7,96,YES,
6/16/2024,Logitech G915 Keyboard,Accessory,Quanta,China,200,349,228,8,15,11,762,274,8,89,YES,
6/16/2024,Google Pixel 8,Phone,Google Supply,Vietnam,600,849,110,25,9,8,273,132,7,92,YES,
6/16/2024,Nothing Phone 2,Phone,Nothing Tech,China,410,699,133,15,11,9,369,160,8,91,YES,
6/16/2024,iPhone 15 Plus,Phone,Foxconn,China,760,1099,287,18,15,2,959,344,8,98,YES,
6/16/2024,MacBook Air,Laptop,Foxconn,China,980,1299,117,20,9,4,291,140,8,96,YES,
6/23/2024,iPhone 15 Pro,Phone,Foxconn,China,840,1199,175,15,13,3,535,210,8,97,YES,
6/23/2024,MacBook Air,Laptop,Foxconn,China,980,1299,148,20,18,6,558,178,8,94,YES,
6/23/2024,AirPods Pro,Accessory,Foxconn,China,120,249,241,48,16,2,840,289,8,98,YES,
6/23/2024,iPad Air,Tablet,Foxconn,China,430,699,175,18,13,2,535,210,8,98,YES,
6/23/2024,Dell XPS 13,Laptop,Dell Manufacturing,USA,870,1199,47,3,14,12,150,56,5,88,YES,
6/23/2024,Samsung Galaxy S24,Phone,Samsung Electronics,South Korea,650,899,57,16,13,2,174,68,6,98,YES,
6/23/2024,Beats Studio Pro,Headphones,Foxconn,Vietnam,245,469,140,4,11,11,388,168,7,89,YES,
6/23/2024,iPhone SE,Phone,Foxconn,India,420,699,62,22,9,11,154,74,6,89,YES,
6/23/2024,Logitech MX Master 4,Mouse,Quanta,China,79,159,94,8,8,9,220,113,8,91,YES,
6/23/2024,iPad Mini,Tablet,Foxconn,China,350,649,189,10,5,6,362,227,8,94,YES,
6/23/2024,MacBook Pro,Laptop,Foxconn,China,1200,1699,122,14,13,3,373,146,8,97,YES,
6/23/2024,HP Pavilion,Laptop,HP Supply Chain,Vietnam,540,799,130,10,4,2,230,156,7,98,YES,
6/23/2024,Dell XPS 15,Laptop,Dell Manufacturing,USA,600,1399,28,2,12,7,82,34,5,93,YES,
6/23/2024,Asus Zenbook 5,Laptop,ASUS Manufacturing,China,450,799,134,6,13,7,410,161,8,93,YES,
6/23/2024,Bose Soundlink,Speaker,Synnex,Malaysia,140,190,47,22,18,7,177,56,6,93,YES,
6/23/2024,Samsung Galaxy S24 Ultra,Phone,Samsung Electronics,South Korea,820,1299,148,6,11,6,410,178,6,94,YES,
6/23/2024,Google Pixel 8 Pro,Phone,Google Supply,Vietnam,720,1099,219,28,9,8,544,263,7,92,YES,
6/23/2024,"iMac 24""",Desktop,Foxconn,China,1100,1599,47,14,8,9,110,56,8,91,YES,
6/23/2024,Logitech G Pro X,Gaming Mouse,Quanta,Vietnam,65,149,170,3,5,7,325,204,7,93,YES,
6/23/2024,Microsoft Surface Laptop,Laptop,Pegatron,China,900,1399,22,7,11,11,61,26,8,89,YES,
6/23/2024,Sony WH-1000XM5,Headphones,Sony Electronics,Malaysia,210,399,33,2,9,5,82,40,6,95,YES,
6/23/2024,Bose QuietComfort Ultra,Headphones,Synnex,Malaysia,260,429,98,5,8,6,230,118,6,94,YES,
6/23/2024,Beats Fit Pro,Earbuds,Foxconn,Vietnam,140,249,174,4,5,7,333,209,7,93,YES,
6/23/2024,Amazon Fire Tablet,Tablet,Foxconn,China,120,199,199,30,8,8,466,239,8,92,YES,
6/23/2024,Microsoft Surface Pro,Tablet,Pegatron,China,700,1099,80,8,11,3,222,96,8,97,YES,
6/23/2024,Samsung Galaxy A54,Phone,Samsung Electronics,Vietnam,300,499,55,14,15,12,184,66,7,88,YES,
6/23/2024,Nintendo Switch OLED,Gaming Console,Nintendo Supply,Japan,280,399,31,5,9,4,77,37,6,96,YES,
6/23/2024,Sony Headphones,Accessory,Sony Electronics,Japan,150,299,160,6,11,9,443,192,6,91,YES,
6/23/2024,OnePlus 12,Phone,BBK Electronics,China,540,799,128,9,15,9,428,154,8,91,YES,
6/23/2024,Logitech Brio Webcam,Accessory,Quanta,China,90,199,197,1,13,5,602,236,8,95,YES,
6/23/2024,Mac Mini,Desktop,Foxconn,China,650,999,33,12,6,5,68,40,8,95,YES,
6/23/2024,iPad Pro,Tablet,Foxconn,China,550,899,166,10,5,3,318,199,8,97,YES,
6/23/2024,AirPods 3,Accessory,Foxconn,China,100,199,25,20,5,8,48,30,8,92,YES,
6/23/2024,Asus ROG Zephyrus,Gaming Laptop,ASUS Manufacturing,Taiwan,1300,1899,140,14,12,4,408,168,9,96,YES,
6/23/2024,HP Envy Laptop,Laptop,HP Supply Chain,Vietnam,620,999,129,8,5,6,247,155,7,94,YES,
6/23/2024,Beats Solo Pro,Headphones,Foxconn,Vietnam,200,349,77,3,8,3,180,92,7,97,YES,
6/23/2024,Logitech G915 Keyboard,Accessory,Quanta,China,200,349,288,6,11,10,798,346,8,90,YES,
6/23/2024,Google Pixel 8,Phone,Google Supply,Vietnam,600,849,79,18,15,12,264,95,7,88,YES,
6/23/2024,Nothing Phone 2,Phone,Nothing Tech,China,410,699,188,10,9,4,467,226,8,96,YES,
6/23/2024,iPhone 15 Plus,Phone,Foxconn,China,760,1099,292,12,11,8,809,350,8,92,YES,
6/23/2024,Mac Studio,Desktop,Foxconn,China,2000,2999,17,9,15,9,57,20,8,91,YES,
6/23/2024,Mac Pro,Desktop,Foxconn,China,3500,4999,32,5,4,6,57,38,8,94,YES,
6/23/2024,Dell Alienware X17,Gaming Laptop,Dell Manufacturing,USA,2500,3499,58,7,6,8,119,70,5,92,YES,
6/23/2024,HP Omen 16,Gaming Laptop,HP Supply Chain,Vietnam,1600,2299,147,6,3,6,239,176,7,94,YES,
6/23/2024,"iPad Pro 12.9""",Tablet,Foxconn,China,800,1199,85,11,6,6,175,102,8,94,YES,
6/30/2024,iPhone 15,Phone,Foxconn,China,720,999,294,12,18,5,1109,353,8,95,YES,
6/30/2024,MacBook Pro,Laptop,Foxconn,China,1200,1699,106,16,16,6,369,127,8,94,YES,
6/30/2024,AirPods Pro,Accessory,Foxconn,China,120,249,89,35,15,3,298,107,8,97,YES,
6/30/2024,iPad Air,Tablet,Foxconn,China,430,699,162,15,14,3,518,194,8,97,YES,
6/30/2024,Dell XPS 13,Laptop,Dell Manufacturing,USA,870,1199,124,2,6,7,255,149,5,93,YES,
6/30/2024,Samsung Galaxy S24,Phone,Samsung Electronics,South Korea,650,899,258,14,5,2,494,310,6,98,YES,
6/30/2024,Beats Studio Pro,Headphones,Foxconn,Vietnam,245,469,81,3,5,8,155,97,7,92,YES,
6/30/2024,iPhone SE,Phone,Foxconn,India,420,699,261,18,12,12,761,313,6,88,YES,
6/30/2024,Logitech MX Master 4,Mouse,Quanta,China,79,159,292,6,5,9,559,350,8,91,YES,
6/30/2024,iPad Mini,Tablet,Foxconn,China,350,649,136,8,8,5,319,163,8,95,YES,
6/30/2024,Mac Mini,Desktop,Foxconn,China,650,999,21,10,8,5,49,25,8,95,YES,
6/30/2024,HP Pavilion,Laptop,HP Supply Chain,Vietnam,540,799,35,8,15,3,117,42,7,97,YES,
6/30/2024,Dell XPS 15,Laptop,Dell Manufacturing,USA,600,1399,35,1,14,8,112,42,5,92,YES,
6/30/2024,Asus Zenbook 5,Laptop,ASUS Manufacturing,China,450,799,68,5,8,9,159,82,8,91,YES,
6/30/2024,Bose Soundlink,Speaker,Synnex,Malaysia,140,190,43,18,18,5,162,52,6,95,YES,
6/30/2024,Samsung Galaxy S24 Ultra,Phone,Samsung Electronics,South Korea,820,1299,293,4,19,11,1147,352,6,89,YES,
6/30/2024,Google Pixel 8 Pro,Phone,Google Supply,Vietnam,720,1099,264,22,30,4,1448,317,7,96,YES,
6/30/2024,"iMac 24""",Desktop,Foxconn,China,1100,1599,42,10,27,4,212,50,8,96,YES,
6/30/2024,Logitech G Pro X,Gaming Mouse,Quanta,Vietnam,65,149,138,2,18,9,520,166,7,91,YES,
6/30/2024,Microsoft Surface Laptop,Laptop,Pegatron,China,900,1399,38,6,23,12,170,46,8,88,YES,
6/30/2024,Sony WH-1000XM5,Headphones,Sony Electronics,Malaysia,210,399,89,1,22,5,387,107,6,95,YES,
6/30/2024,Bose QuietComfort Ultra,Headphones,Synnex,Malaysia,260,429,51,4,19,11,200,61,6,89,YES,
6/30/2024,Beats Fit Pro,Earbuds,Foxconn,Vietnam,140,249,209,3,21,9,878,251,7,91,YES,
6/30/2024,Amazon Fire Tablet,Tablet,Foxconn,China,120,199,40,24,20,6,162,48,8,94,YES,
6/30/2024,Microsoft Surface Pro,Tablet,Pegatron,China,700,1099,81,6,6,4,167,97,8,96,YES,
6/30/2024,Samsung Galaxy A54,Phone,Samsung Electronics,Vietnam,300,499,134,12,5,11,257,161,7,89,YES,
6/30/2024,Nintendo Switch OLED,Gaming Console,Nintendo Supply,Japan,280,399,79,4,5,12,151,95,6,88,YES,
6/30/2024,Sony Headphones,Accessory,Sony Electronics,Japan,150,299,251,5,12,2,731,301,6,98,YES,
6/30/2024,OnePlus 12,Phone,BBK Electronics,China,540,799,250,7,5,9,479,300,8,91,YES,
6/30/2024,Logitech Brio Webcam,Accessory,Quanta,China,90,199,115,0,8,7,269,138,8,93,YES,
6/30/2024,iPad Pro,Tablet,Foxconn,China,550,899,151,8,15,11,505,181,8,89,YES,
6/30/2024,AirPods 3,Accessory,Foxconn,China,100,199,50,12,7,6,110,60,8,94,YES,
6/30/2024,Asus ROG Zephyrus,Gaming Laptop,ASUS Manufacturing,Taiwan,1300,1899,31,16,12,7,90,37,9,93,YES,
6/30/2024,HP Envy Laptop,Laptop,HP Supply Chain,Vietnam,620,999,64,10,9,4,159,77,7,96,YES,
6/30/2024,Beats Solo Pro,Headphones,Foxconn,Vietnam,200,349,29,2,18,10,109,35,7,90,YES,
6/30/2024,Logitech G915 Keyboard,Accessory,Quanta,China,200,349,232,4,17,8,842,278,8,92,YES,
6/30/2024,Google Pixel 8,Phone,Google Supply,Vietnam,600,849,173,14,12,9,504,208,7,91,YES,
6/30/2024,Nothing Phone 2,Phone,Nothing Tech,China,410,699,277,8,9,2,689,332,8,98,YES,
6/30/2024,iPhone 15 Plus,Phone,Foxconn,China,760,1099,87,10,8,7,204,104,8,93,YES,
6/30/2024,Mac Studio,Desktop,Foxconn,China,2000,2999,24,7,6,8,49,29,8,92,YES,
6/30/2024,Mac Pro,Desktop,Foxconn,China,3500,4999,12,4,5,11,23,14,8,89,YES,
6/30/2024,Dell Alienware X17,Gaming Laptop,Dell Manufacturing,USA,2500,3499,101,5,5,6,193,121,5,94,YES,
6/30/2024,Asus ROG Strix G15,Gaming Laptop,ASUS Manufacturing,Taiwan,1800,2499,78,5,12,2,227,94,9,98,YES,
6/30/2024,HP Omen 16,Gaming Laptop,HP Supply Chain,Vietnam,1600,2299,103,4,5,6,197,124,7,94,YES,
6/30/2024,"iPad Pro 12.9""",Tablet,Foxconn,China,800,1199,136,9,8,7,319,163,8,93,YES,
7/7/2024,Nintendo Switch OLED,Gaming Console,Nintendo Supply,Japan,280,399,69,6,5,6,132,83,6,94,YES,
7/7/2024,iPhone 15 Pro,Phone,Foxconn,China,840,1199,56,14,12,8,163,67,8,92,YES,
7/7/2024,HP Envy Laptop,Laptop,HP Supply Chain,Vietnam,620,999,46,9,11,9,127,55,7,91,YES,
7/7/2024,AirPods 3,Accessory,Foxconn,China,100,199,26,28,13,2,79,31,8,98,YES,
7/7/2024,Google Pixel 8,Phone,Google Supply,Vietnam,600,849,300,18,14,12,960,360,7,88,YES,
7/7/2024,Mac Studio,Desktop,Foxconn,China,2000,2999,34,5,19,9,133,41,8,91,YES,
7/7/2024,Samsung Galaxy A54,Phone,Samsung Electronics,Vietnam,300,499,89,20,8,5,209,107,7,95,YES,
7/7/2024,"iPad Pro 12.9""",Tablet,Foxconn,China,800,1199,146,12,6,4,300,175,8,96,YES,
7/7/2024,Logitech G915 Keyboard,Accessory,Quanta,China,200,349,116,4,5,5,222,139,8,95,YES,
7/7/2024,Bose QuietComfort Ultra,Headphones,Synnex,Malaysia,260,429,111,22,5,9,212,133,6,91,YES,
7/7/2024,Dell Alienware X17,Gaming Laptop,Dell Manufacturing,USA,2500,3499,77,7,12,5,224,92,5,95,YES,
7/7/2024,iPhone SE,Phone,Foxconn,India,420,699,258,16,11,10,715,310,6,90,YES,
7/7/2024,Sony WH-1000XM5,Headphones,Sony Electronics,Malaysia,210,399,59,10,13,8,180,71,6,92,YES,
7/7/2024,MacBook Air,Laptop,Foxconn,China,980,1299,124,18,14,8,397,149,8,92,YES,
7/7/2024,iPad Mini,Tablet,Foxconn,China,350,649,99,9,7,3,218,119,8,97,YES,
7/7/2024,Nothing Phone 2,Phone,Nothing Tech,China,410,699,160,15,13,12,489,192,8,88,YES,
7/7/2024,Asus ROG Strix G15,Gaming Laptop,ASUS Manufacturing,Taiwan,1800,2499,44,8,9,4,109,53,9,96,YES,
7/7/2024,Beats Fit Pro,Earbuds,Foxconn,Vietnam,140,249,95,14,13,6,290,114,7,94,YES,
7/7/2024,Microsoft Surface Pro,Tablet,Pegatron,China,700,1099,187,11,19,11,732,224,8,89,YES,
7/7/2024,Amazon Echo Show 10,Smart Device,Foxconn,China,120,199,35,13,20,4,142,42,8,96,YES,
7/7/2024,"iMac 24""",Desktop,Foxconn,China,1100,1599,32,17,13,11,98,38,8,89,YES,
7/7/2024,Samsung Galaxy S24 Ultra,Phone,Samsung Electronics,South Korea,820,1299,136,12,17,9,493,163,6,91,YES,
7/7/2024,Logitech Brio Webcam,Accessory,Quanta,China,90,199,156,6,14,9,499,187,8,91,YES,
7/7/2024,HP Pavilion,Laptop,HP Supply Chain,Vietnam,540,799,61,10,13,10,186,73,7,90,YES,
7/7/2024,Mac Pro,Desktop,Foxconn,China,3500,4999,31,3,10,12,81,37,8,88,YES,
7/7/2024,OnePlus 12,Phone,BBK Electronics,China,540,799,224,18,9,4,557,269,8,96,YES,
7/7/2024,Sony Headphones,Accessory,Sony Electronics,Japan,150,299,291,8,13,11,890,349,6,89,YES,
7/7/2024,iPad Air,Tablet,Foxconn,China,430,699,120,20,17,3,435,144,8,97,YES,
7/7/2024,Dell XPS 15,Laptop,Dell Manufacturing,USA,600,1399,21,4,13,11,64,25,5,89,YES,
7/7/2024,Google Pixel 8 Pro,Phone,Google Supply,Vietnam,720,1099,89,25,14,10,285,107,7,90,YES,
7/7/2024,Bose Soundlink,Speaker,Synnex,Malaysia,140,190,51,15,15,4,170,61,6,96,YES,
7/7/2024,MacBook Pro,Laptop,Foxconn,China,1200,1699,150,16,19,8,587,180,8,92,YES,
7/7/2024,Logitech G Pro X,Gaming Mouse,Quanta,Vietnam,65,149,219,7,17,9,795,263,7,91,YES,
7/7/2024,Microsoft Surface Laptop,Laptop,Pegatron,China,900,1399,94,12,8,11,220,113,8,89,YES,
7/7/2024,iPhone 15 Plus,Phone,Foxconn,China,760,1099,198,10,6,4,407,238,8,96,YES,
7/7/2024,Samsung Galaxy Tab S9,Tablet,Samsung Electronics,Vietnam,500,899,143,21,5,4,274,172,7,96,YES,
7/7/2024,Asus Zenbook 5,Laptop,ASUS Manufacturing,China,450,799,100,6,5,9,191,120,8,91,YES,
7/7/2024,Beats Solo Pro,Headphones,Foxconn,Vietnam,200,349,101,5,12,9,294,121,7,91,YES,
7/7/2024,Dell XPS 13,Laptop,Dell Manufacturing,USA,870,1199,137,3,11,5,380,164,5,95,YES,
7/7/2024,Amazon Fire Tablet,Tablet,Foxconn,China,120,199,102,24,14,12,326,122,8,88,YES,
7/7/2024,iPad Pro,Tablet,Foxconn,China,550,899,152,11,8,7,356,182,8,93,YES,
7/7/2024,Logitech MX Master 4,Mouse,Quanta,China,79,159,163,9,6,11,335,196,8,89,YES,
7/7/2024,Gaming Laptop,Laptop,Taiwan Tech Supply,Taiwan,1100,1599,64,8,5,8,123,77,9,92,YES,
7/7/2024,HP Omen 16,Gaming Laptop,HP Supply Chain,Vietnam,1600,2299,103,6,5,11,197,124,7,89,YES,
7/7/2024,Beats Studio Pro,Headphones,Foxconn,Vietnam,245,469,143,13,12,12,417,172,7,88,YES,
7/14/2024,MacBook Pro,Laptop,Foxconn,China,1200,1699,118,22,15,5,394,142,8,95,YES,
7/14/2024,Logitech G Pro X,Gaming Mouse,Quanta,Vietnam,65,149,82,35,10,3,216,98,7,97,YES,
7/14/2024,Samsung Galaxy A54,Phone,Samsung Electronics,Vietnam,300,499,171,48,18,7,645,205,7,93,YES,
7/14/2024,Bose Soundlink,Speaker,Synnex,Malaysia,140,190,55,27,19,6,215,66,6,94,YES,
7/14/2024,"iPad Pro 12.9""",Tablet,Foxconn,China,800,1199,71,18,17,6,258,85,8,94,YES,
7/14/2024,Acer Swift 3,Laptop,Acer Manufacturing,Taiwan,480,799,137,31,14,6,438,164,9,94,YES,
7/14/2024,Sony WH-1000XM5,Headphones,Sony Electronics,Malaysia,210,399,74,25,8,4,173,89,6,96,YES,
7/14/2024,Dell XPS 13,Laptop,Dell Manufacturing,USA,870,1199,76,19,6,3,156,91,5,97,YES,
7/14/2024,iPhone 15 Pro,Phone,Foxconn,China,840,1199,149,41,5,2,285,179,8,98,YES,
7/14/2024,Logitech MX Master 4,Mouse,Quanta,China,79,159,182,52,5,7,348,218,8,93,YES,
7/14/2024,Google Pixel 8,Phone,Google Supply,Vietnam,600,849,68,34,12,9,198,82,7,91,YES,
7/14/2024,Asus ROG Strix G15,Gaming Laptop,ASUS Manufacturing,Taiwan,1800,2499,119,16,9,3,296,143,9,97,YES,
7/14/2024,AirPods Pro,Accessory,Foxconn,China,120,249,87,60,8,2,204,104,8,98,YES,
7/14/2024,Nintendo Switch OLED,Gaming Console,Nintendo Supply,Japan,280,399,43,28,9,5,107,52,6,95,YES,
7/14/2024,Mac Mini,Desktop,Foxconn,China,650,999,49,21,14,6,157,59,8,94,YES,
7/14/2024,HP Omen 16,Gaming Laptop,HP Supply Chain,Vietnam,1600,2299,60,14,8,9,141,72,7,91,YES,
7/14/2024,Samsung Galaxy Tab S9,Tablet,Samsung Electronics,Vietnam,500,899,170,37,6,7,350,204,7,93,YES,
7/14/2024,Beats Studio Pro,Headphones,Foxconn,Vietnam,245,469,38,26,5,7,73,46,7,93,YES,
7/14/2024,Microsoft Surface Laptop,Laptop,Pegatron,China,900,1399,37,23,5,3,71,44,8,97,YES,
7/14/2024,OnePlus 12,Phone,BBK Electronics,China,540,799,135,33,12,12,393,162,8,88,YES,
7/14/2024,iPad Air,Tablet,Foxconn,China,430,699,151,45,11,10,418,181,8,90,YES,
7/14/2024,Google Pixel 8 Pro,Phone,Google Supply,Vietnam,720,1099,122,29,10,5,321,146,7,95,YES,
7/14/2024,Dell Alienware X17,Gaming Laptop,Dell Manufacturing,USA,2500,3499,116,12,14,11,371,139,5,89,YES,
7/14/2024,Bose QuietComfort Ultra,Headphones,Synnex,Malaysia,260,429,37,20,10,6,97,44,6,94,YES,
7/14/2024,"iMac 24""",Desktop,Foxconn,China,1100,1599,44,17,17,10,160,53,8,90,YES,
7/14/2024,Lenovo ThinkPad,Laptop,Lenovo Manufacturing,China,650,999,94,24,10,8,247,113,8,92,YES,
7/14/2024,Samsung Galaxy S24 Ultra,Phone,Samsung Electronics,South Korea,820,1299,130,30,18,8,490,156,6,92,YES,
7/14/2024,Logitech Brio Webcam,Accessory,Quanta,China,90,199,240,39,19,2,939,288,8,98,YES,
7/14/2024,Beats Fit Pro,Earbuds,Foxconn,Vietnam,140,249,216,44,14,3,691,259,7,97,YES,
7/14/2024,Asus Zenbook 5,Laptop,ASUS Manufacturing,China,450,799,31,18,8,2,73,37,8,98,YES,
7/14/2024,Mac Studio,Desktop,Foxconn,China,2000,2999,37,11,6,2,76,44,8,98,YES,
7/14/2024,Sony PlayStation 5,Gaming Console,Sony Electronics,Japan,450,699,82,36,5,11,157,98,6,89,YES,
7/14/2024,iPhone 15,Phone,Foxconn,China,720,999,93,55,5,10,178,112,8,90,YES,
7/14/2024,HP Envy Laptop,Laptop,HP Supply Chain,Vietnam,620,999,70,22,12,7,204,84,7,93,YES,
7/14/2024,Amazon Echo Show 10,Smart Device,Foxconn,China,120,199,33,32,23,8,148,40,8,92,YES,
7/14/2024,iPad Mini,Tablet,Foxconn,China,350,649,122,27,18,7,460,146,8,93,YES,
7/14/2024,Nothing Phone 2,Phone,Nothing Tech,China,410,699,53,26,19,3,207,64,8,97,YES,
7/14/2024,Microsoft Surface Pro,Tablet,Pegatron,China,700,1099,162,34,18,11,611,194,8,89,YES,
7/14/2024,Bose 700 Headphones,Headphones,Synnex,Malaysia,300,499,35,15,14,3,112,42,6,97,YES,
7/14/2024,"iPad Pro 11""",Tablet,Foxconn,China,700,999,126,23,8,6,295,151,8,94,YES,
7/14/2024,Amazon Fire Tablet,Tablet,Foxconn,China,120,199,148,38,6,12,304,178,8,88,YES,
7/14/2024,Samsung Galaxy S24,Phone,Samsung Electronics,South Korea,650,899,167,40,5,11,320,200,6,89,YES,
7/14/2024,Beats Solo Pro,Headphones,Foxconn,Vietnam,200,349,44,19,5,8,84,53,7,92,YES,
7/14/2024,MacBook Air,Laptop,Foxconn,China,980,1299,106,28,12,11,309,127,8,89,YES,
7/14/2024,Logitech G915 Keyboard,Accessory,Quanta,China,200,349,174,42,20,12,706,209,8,88,YES,
7/14/2024,Google Nest Hub Max,Smart Device,Google Supply,Vietnam,140,229,148,31,14,12,474,178,7,88,YES,
7/21/2024,iPhone 15 Plus,Phone,Foxconn,China,760,1099,274,34,18,7,1033,329,8,93,YES,
7/21/2024,MacBook Air,Laptop,Foxconn,China,980,1299,109,22,12,8,318,131,8,92,YES,
7/21/2024,Samsung Galaxy S24,Phone,Samsung Electronics,South Korea,650,899,243,41,15,3,812,292,6,97,YES,
7/21/2024,Logitech StreamCam,Accessory,Quanta,China,150,249,185,17,18,9,698,222,8,91,YES,
7/21/2024,Dell XPS 15,Laptop,Dell Manufacturing,USA,600,1399,121,29,9,11,301,145,5,89,YES,
7/21/2024,HP Pavilion,Laptop,HP Supply Chain,Vietnam,540,799,85,26,19,6,333,102,7,94,YES,
7/21/2024,Sony WH-1000XM5,Headphones,Sony Electronics,Malaysia,210,399,45,31,16,4,157,54,6,96,YES,
7/21/2024,iPad Pro,Tablet,Foxconn,China,550,899,38,19,11,5,105,46,8,95,YES,
7/21/2024,AirPods 3,Accessory,Foxconn,China,100,199,268,45,5,4,513,322,8,96,YES,
7/21/2024,Asus ROG Zephyrus,Gaming Laptop,ASUS Manufacturing,Taiwan,1300,1899,71,13,3,7,116,85,9,93,YES,
7/21/2024,Mac Studio,Desktop,Foxconn,China,2000,2999,42,28,10,8,110,50,8,92,YES,
7/21/2024,Google Pixel 8,Phone,Google Supply,Vietnam,600,849,74,36,13,8,226,89,7,92,YES,
7/21/2024,Lenovo IdeaPad,Laptop,Lenovo Manufacturing,China,550,899,59,24,19,8,231,71,8,92,YES,
7/21/2024,Bose QuietComfort Ultra,Headphones,Synnex,Malaysia,260,429,111,18,16,3,387,133,6,97,YES,
7/21/2024,Beats Fit Pro,Earbuds,Foxconn,Vietnam,140,249,233,39,18,10,879,280,7,90,YES,
7/21/2024,Samsung Galaxy Tab S9,Tablet,Samsung Electronics,Vietnam,500,899,34,27,12,4,99,41,7,96,YES,
7/21/2024,"iMac 24""",Desktop,Foxconn,China,1100,1599,50,16,5,11,96,60,8,89,YES,
7/21/2024,Logitech G915 Keyboard,Accessory,Quanta,China,200,349,123,33,12,4,358,148,8,96,YES,
7/21/2024,iPhone SE,Phone,Foxconn,India,420,699,252,52,20,6,1022,302,6,94,YES,
7/21/2024,Mac Pro,Desktop,Foxconn,China,3500,4999,19,11,14,5,61,23,8,95,YES,
7/21/2024,Microsoft Surface Pro,Tablet,Pegatron,China,700,1099,127,21,18,9,479,152,8,91,YES,
7/21/2024,Dell Alienware X17,Gaming Laptop,Dell Manufacturing,USA,2500,3499,83,14,14,3,266,100,5,97,YES,
7/21/2024,HP Omen 16,Gaming Laptop,HP Supply Chain,Vietnam,1600,2299,24,20,11,11,67,29,7,89,YES,
7/21/2024,iPad Mini,Tablet,Foxconn,China,350,649,62,37,13,2,190,74,8,98,YES,
7/21/2024,Bose Soundlink,Speaker,Synnex,Malaysia,140,190,72,25,17,9,261,86,6,91,YES,
7/21/2024,Google Nest Hub Max,Smart Device,Google Supply,Vietnam,140,229,102,15,5,10,195,122,7,90,YES,
7/21/2024,Amazon Echo Show 10,Smart Device,Foxconn,China,120,199,142,23,12,6,414,170,8,94,YES,
7/21/2024,Samsung Galaxy A54,Phone,Samsung Electronics,Vietnam,300,499,59,40,20,10,239,71,7,90,YES,
7/21/2024,iPhone 15,Phone,Foxconn,China,720,999,99,47,14,3,317,119,8,97,YES,
7/21/2024,Sony Headphones,Accessory,Sony Electronics,Japan,150,299,234,32,18,11,883,281,6,89,YES,
7/21/2024,Nothing Phone 2,Phone,Nothing Tech,China,410,699,124,30,12,3,361,149,8,97,YES,
7/21/2024,OnePlus 12,Phone,BBK Electronics,China,540,799,185,35,13,4,566,222,8,96,YES,
7/21/2024,Mac Mini,Desktop,Foxconn,China,650,999,20,18,24,9,93,24,8,91,YES,
7/21/2024,Acer Swift 3,Laptop,Acer Manufacturing,Taiwan,480,799,116,28,8,11,272,139,9,89,YES,
7/21/2024,Lenovo ThinkPad,Laptop,Lenovo Manufacturing,China,650,999,58,44,9,9,144,70,8,91,YES,
7/21/2024,Gaming Laptop,Laptop,Taiwan Tech Supply,Taiwan,1100,1599,80,12,5,5,153,96,9,95,YES,
7/21/2024,iPad Air,Tablet,Foxconn,China,430,699,137,26,12,4,399,164,8,96,YES,
7/21/2024,Asus Zenbook 5,Laptop,ASUS Manufacturing,China,450,799,118,19,20,6,479,142,8,94,YES,
7/21/2024,Logitech Brio Webcam,Accessory,Quanta,China,90,199,214,38,14,11,685,257,8,89,YES,
7/21/2024,Beats Studio Pro,Headphones,Foxconn,Vietnam,245,469,117,22,18,7,441,140,7,93,YES,
7/21/2024,Nintendo Switch OLED,Gaming Console,Nintendo Supply,Japan,280,399,37,43,20,12,150,44,6,88,YES,
7/21/2024,Sony PlayStation 5,Gaming Console,Sony Electronics,Japan,450,699,58,31,21,12,244,70,6,88,YES,
7/21/2024,Microsoft Surface Laptop,Laptop,Pegatron,China,900,1399,95,24,19,4,372,114,8,96,YES,
7/21/2024,Bose 700 Headphones,Headphones,Synnex,Malaysia,300,499,34,27,18,10,128,41,6,90,YES,
7/21/2024,Logitech MX Master 4,Mouse,Quanta,China,79,159,173,46,17,12,628,208,8,88,YES,
7/28/2024,iPhone 15,Phone,Foxconn,China,720,999,120,34,9,3,298,144,8,97,YES,
7/28/2024,MacBook Air,Laptop,Foxconn,China,980,1299,139,22,8,8,326,167,8,92,YES,
7/28/2024,Samsung Galaxy S24,Phone,Samsung Electronics,South Korea,650,899,259,41,14,9,829,311,6,91,YES,
7/28/2024,Logitech StreamCam,Accessory,Quanta,China,150,249,165,17,18,7,622,198,8,93,YES,
7/28/2024,Dell XPS 15,Laptop,Dell Manufacturing,USA,600,1399,55,29,12,2,160,66,5,98,YES,
7/28/2024,HP Pavilion,Laptop,HP Supply Chain,Vietnam,540,799,133,26,21,12,559,160,7,88,YES,
7/28/2024,Sony WH-1000XM5,Headphones,Sony Electronics,Malaysia,210,399,150,31,19,7,587,180,6,93,YES,
7/28/2024,iPad Pro,Tablet,Foxconn,China,550,899,143,19,18,3,539,172,8,97,YES,
7/28/2024,AirPods 3,Accessory,Foxconn,China,100,199,95,45,17,4,345,114,8,96,YES,
7/28/2024,Asus ROG Zephyrus,Gaming Laptop,ASUS Manufacturing,Taiwan,1300,1899,122,13,19,2,478,146,9,98,YES,
7/28/2024,Mac Studio,Desktop,Foxconn,China,2000,2999,41,28,17,7,149,49,8,93,YES,
7/28/2024,Google Pixel 8,Phone,Google Supply,Vietnam,600,849,71,36,19,5,278,85,7,95,YES,
7/28/2024,Lenovo IdeaPad,Laptop,Lenovo Manufacturing,China,550,899,52,24,18,3,196,62,8,97,YES,
7/28/2024,Bose QuietComfort Ultra,Headphones,Synnex,Malaysia,260,429,147,18,17,8,533,176,6,92,YES,
7/28/2024,Beats Fit Pro,Earbuds,Foxconn,Vietnam,140,249,61,39,13,3,186,73,7,97,YES,
7/28/2024,Samsung Galaxy Tab S9,Tablet,Samsung Electronics,Vietnam,500,899,140,27,12,8,408,168,7,92,YES,
7/28/2024,"iMac 24""",Desktop,Foxconn,China,1100,1599,19,16,19,4,74,23,8,96,YES,
7/28/2024,Logitech G915 Keyboard,Accessory,Quanta,China,200,349,246,33,18,2,928,295,8,98,YES,
7/28/2024,iPhone SE,Phone,Foxconn,India,420,699,246,52,17,6,893,295,6,94,YES,
7/28/2024,Mac Pro,Desktop,Foxconn,China,3500,4999,30,11,18,8,113,36,8,92,YES,
7/28/2024,Microsoft Surface Pro,Tablet,Pegatron,China,700,1099,63,21,17,8,229,76,8,92,YES,
7/28/2024,Dell Alienware X17,Gaming Laptop,Dell Manufacturing,USA,2500,3499,126,14,15,4,421,151,5,96,YES,
7/28/2024,HP Omen 16,Gaming Laptop,HP Supply Chain,Vietnam,1600,2299,26,20,4,9,46,31,7,91,YES,
7/28/2024,iPad Mini,Tablet,Foxconn,China,350,649,37,37,9,10,92,44,8,90,YES,
7/28/2024,Bose Soundlink,Speaker,Synnex,Malaysia,140,190,33,25,7,3,73,40,6,97,YES,
7/28/2024,Google Nest Hub Max,Smart Device,Google Supply,Vietnam,140,229,34,15,18,5,128,41,7,95,YES,
7/28/2024,Amazon Echo Show 10,Smart Device,Foxconn,China,120,199,67,23,21,10,281,80,8,90,YES,
7/28/2024,Samsung Galaxy A54,Phone,Samsung Electronics,Vietnam,300,499,202,40,19,3,791,242,7,97,YES,
7/28/2024,iPhone 15 Plus,Phone,Foxconn,China,760,1099,146,47,18,4,551,175,8,96,YES,
7/28/2024,Sony Headphones,Accessory,Sony Electronics,Japan,150,299,94,32,17,11,341,113,6,89,YES,
7/28/2024,Nothing Phone 2,Phone,Nothing Tech,China,410,699,98,30,14,2,314,118,8,98,YES,
7/28/2024,OnePlus 12,Phone,BBK Electronics,China,540,799,283,35,15,7,946,340,8,93,YES,
7/28/2024,Mac Mini,Desktop,Foxconn,China,650,999,46,18,13,11,141,55,8,89,YES,
7/28/2024,Acer Swift 3,Laptop,Acer Manufacturing,Taiwan,480,799,54,28,14,10,173,65,9,90,YES,
7/28/2024,Lenovo ThinkPad,Laptop,Lenovo Manufacturing,China,650,999,35,44,16,10,122,42,8,90,YES,
7/28/2024,Gaming Laptop,Laptop,Taiwan Tech Supply,Taiwan,1100,1599,61,12,14,8,195,73,9,92,YES,
7/28/2024,iPad Air,Tablet,Foxconn,China,430,699,47,26,19,12,184,56,8,88,YES,
7/28/2024,Asus Zenbook 5,Laptop,ASUS Manufacturing,China,450,799,75,19,21,8,315,90,8,92,YES,
7/28/2024,Logitech Brio Webcam,Accessory,Quanta,China,90,199,250,38,19,12,979,300,8,88,YES,
7/28/2024,Beats Studio Pro,Headphones,Foxconn,Vietnam,245,469,115,22,18,10,434,138,7,90,YES,
7/28/2024,Nintendo Switch OLED,Gaming Console,Nintendo Supply,Japan,280,399,100,43,17,6,363,120,6,94,YES,
7/28/2024,Sony PlayStation 5,Gaming Console,Sony Electronics,Japan,450,699,44,31,12,8,128,53,6,92,YES,
7/28/2024,Microsoft Surface Laptop,Laptop,Pegatron,China,900,1399,49,24,7,5,108,59,8,95,YES,
7/28/2024,Bose 700 Headphones,Headphones,Synnex,Malaysia,300,499,130,27,6,9,267,156,6,91,YES,
7/28/2024,Logitech MX Master 4,Mouse,Quanta,China,79,159,276,46,9,5,686,331,8,95,YES,
8/4/2024,Samsung Galaxy S24,Phone,Samsung Electronics,South Korea,650,899,260,28,18,12,981,312,6,88,YES,
8/4/2024,iPhone 15 Plus,Phone,Foxconn,China,760,1099,202,33,9,4,502,242,8,96,YES,
8/4/2024,iPad Pro,Tablet,Foxconn,China,550,899,46,21,12,12,134,55,8,88,YES,
8/4/2024,MacBook Pro,Laptop,Foxconn,China,1200,1699,108,24,7,11,238,130,8,89,YES,
8/4/2024,AirPods 3,Accessory,Foxconn,China,100,199,234,36,6,12,481,281,8,88,YES,
8/4/2024,Dell XPS 13,Laptop,Dell Manufacturing,USA,870,1199,59,18,9,2,147,71,5,98,YES,
8/4/2024,iPhone 15 Pro,Phone,Foxconn,China,840,1199,239,27,12,4,697,287,8,96,YES,
8/4/2024,Logitech G Pro X,Gaming Mouse,Quanta,Vietnam,65,149,237,15,7,2,521,284,7,98,YES,
8/4/2024,Google Pixel 8,Phone,Google Supply,Vietnam,600,849,227,32,6,3,467,272,7,97,YES,
8/4/2024,Asus Zenbook 5,Laptop,ASUS Manufacturing,China,450,799,75,20,9,11,186,90,8,89,YES,
8/4/2024,Nintendo Switch OLED,Gaming Console,Nintendo Supply,Japan,280,399,56,40,14,6,179,67,6,94,YES,
8/4/2024,HP Pavilion,Laptop,HP Supply Chain,Vietnam,540,799,44,26,12,7,128,53,7,93,YES,
8/4/2024,Mac Studio,Desktop,Foxconn,China,2000,2999,50,12,9,3,124,60,8,97,YES,
8/4/2024,Sony PlayStation 5,Gaming Console,Sony Electronics,Japan,450,699,78,35,15,8,261,94,6,92,YES,
8/4/2024,Microsoft Surface Laptop,Laptop,Pegatron,China,900,1399,63,18,14,4,202,76,8,96,YES,
8/4/2024,Bose QuietComfort Ultra,Headphones,Synnex,Malaysia,260,429,31,14,14,12,99,37,6,88,YES,
8/4/2024,Logitech G915 Keyboard,Accessory,Quanta,China,200,349,254,25,12,12,740,305,8,88,YES,
8/4/2024,iPad Mini,Tablet,Foxconn,China,350,649,121,17,9,4,301,145,8,96,YES,
8/4/2024,Mac Mini,Desktop,Foxconn,China,650,999,32,22,8,10,75,38,8,90,YES,
8/4/2024,HP Omen 16,Gaming Laptop,HP Supply Chain,Vietnam,1600,2299,137,10,14,12,438,164,7,88,YES,
8/4/2024,Beats Studio Pro,Headphones,Foxconn,Vietnam,245,469,50,19,12,12,146,60,7,88,YES,
8/4/2024,Logitech Brio Webcam,Accessory,Quanta,China,90,199,210,16,9,2,522,252,8,98,YES,
8/4/2024,"iMac 24""",Desktop,Foxconn,China,1100,1599,34,23,7,2,75,41,8,98,YES,
8/4/2024,Bose 700 Headphones,Headphones,Synnex,Malaysia,300,499,119,8,6,6,245,143,6,94,YES,
8/4/2024,Samsung Galaxy Tab S9,Tablet,Samsung Electronics,Vietnam,500,899,50,30,9,10,124,60,7,90,YES,
8/4/2024,Beats Fit Pro,Earbuds,Foxconn,Vietnam,140,249,223,12,14,4,714,268,7,96,YES,
8/4/2024,OnePlus 12,Phone,BBK Electronics,China,540,799,299,24,12,12,871,359,8,88,YES,
8/4/2024,Amazon Echo Show 10,Smart Device,Foxconn,China,120,199,68,11,9,9,169,82,8,91,YES,
8/4/2024,Logitech MX Master 4,Mouse,Quanta,China,79,159,40,38,12,9,117,48,8,91,YES,
8/4/2024,Asus ROG Zephyrus,Gaming Laptop,ASUS Manufacturing,Taiwan,1300,1899,68,15,17,5,247,82,9,95,YES,
8/4/2024,Google Pixel 8 Pro,Phone,Google Supply,Vietnam,720,1099,205,28,9,12,510,246,7,88,YES,
8/4/2024,iPhone SE,Phone,Foxconn,India,420,699,168,40,18,2,634,202,6,98,YES,
8/4/2024,Bose Soundlink,Speaker,Synnex,Malaysia,140,190,68,29,14,9,218,82,6,91,YES,
8/4/2024,Sony WH-1000XM5,Headphones,Sony Electronics,Malaysia,210,399,63,21,19,12,247,76,6,88,YES,
8/4/2024,MacBook Air,Laptop,Foxconn,China,980,1299,73,26,15,12,244,88,8,88,YES,
8/4/2024,Dell Alienware X17,Gaming Laptop,Dell Manufacturing,USA,2500,3499,32,27,12,5,93,38,5,95,YES,
8/4/2024,iPhone 15,Phone,Foxconn,China,720,999,225,22,7,9,495,270,8,91,YES,
8/4/2024,Samsung Galaxy A54,Phone,Samsung Electronics,Vietnam,300,499,80,37,6,2,165,96,7,98,YES,
8/4/2024,Logitech StreamCam,Accessory,Quanta,China,150,249,114,18,9,6,283,137,8,94,YES,
8/4/2024,Gaming Laptop,Laptop,Taiwan Tech Supply,Taiwan,1100,1599,20,32,11,3,55,24,9,97,YES,
8/4/2024,iPad Air,Tablet,Foxconn,China,430,699,47,20,10,11,124,56,8,89,YES,
8/4/2024,Lenovo ThinkPad,Laptop,Lenovo Manufacturing,China,650,999,34,19,12,9,99,41,8,91,YES,
8/4/2024,Lenovo IdeaPad,Laptop,Lenovo Manufacturing,China,550,899,70,16,7,4,154,84,8,96,YES,
8/4/2024,Mac Pro,Desktop,Foxconn,China,3500,4999,44,15,6,3,91,53,8,97,YES,
8/4/2024,Beats Solo Pro,Headphones,Foxconn,Vietnam,200,349,85,23,9,4,211,102,7,96,YES,
